Enrollment Number,Case Date
P001,2019-08-08
INDEX,SpO2
1,-
2,-
3,61
4,85
5,91
6,83
7,-
8,100
9,99
10,98
11,96
12,97
13,96
14,96
15,96
16,98
17,97
18,98
19,99
20,98
21,98
22,98
23,81
24,100
25,100
26,100
27,100
28,100
29,99
30,99
31,99
32,99
33,99
34,99
35,100
36,99
37,99
38,98
39,98
40,-
Enrollment Number,Case Date
P002,2019-08-08
INDEX,SpO2
1,-
2,97
3,96
4,96
5,98
6,98
7,98
8,100
9,100
10,100
11,100
12,100
13,100
14,100
15,100
16,100
17,100
18,100
19,100
20,100
21,100
22,98
23,99
24,98
25,97
26,97
27,97
28,96
29,97
30,98
31,98
32,98
33,97
34,98
35,98
36,98
37,97
38,98
39,98
40,98
41,98
42,97
43,97
44,-
45,-
Enrollment Number,Case Date
P003,2019-08-08
INDEX,SpO2
1,-
2,-
3,-
4,-
5,-
6,-
7,-
8,96
9,95
10,93
11,94
12,96
13,93
14,98
15,100
16,100
17,99
18,98
19,97
20,98
21,96
22,94
23,98
24,95
25,97
26,98
27,98
28,98
29,97
30,97
31,97
32,97
33,98
34,98
35,98
36,97
37,97
38,98
39,98
40,97
41,-
Enrollment Number,Case Date
P004,2019-08-08
INDEX,SpO2
1,-
2,91
3,81
4,87
5,90
6,90
7,95
8,97
9,97
10,98
11,98
12,99
13,99
14,99
15,99
16,98
17,98
18,96
19,96
20,97
21,97
22,97
23,97
24,97
25,97
26,97
27,96
28,97
29,100
30,97
31,97
32,97
33,97
34,97
35,98
36,98
37,97
Enrollment Number,Case Date
P005,2019-08-12
INDEX,SpO2
1,-
2,-
3,-
4,93
5,95
6,94
7,97
8,98
9,98
10,99
11,98
12,98
13,96
14,98
15,98
16,98
17,99
18,98
19,98
20,98
21,98
22,98
23,99
24,99
25,98
26,97
27,98
28,97
29,92
30,95
31,95
32,91
33,95
34,98
35,98
36,97
37,98
38,99
39,99
40,98
41,98
42,99
43,98
44,98
45,99
46,99
47,99
48,98
49,99
50,99
51,99
52,99
53,99
54,98
55,98
56,99
57,99
58,98
59,99
60,99
61,99
62,98
63,98
64,99
65,99
66,97
67,98
68,98
69,98
70,98
71,98
72,99
73,99
74,99
75,98
76,98
77,98
78,98
79,98
80,98
81,98
82,98
83,99
84,98
85,99
86,99
87,99
88,98
89,98
90,99
91,99
92,98
93,99
94,99
95,99
96,98
97,98
98,97
99,98
100,99
101,98
102,98
103,99
104,97
105,94
Enrollment Number,Case Date
P006,2019-08-14
INDEX,SpO2
1,-
2,-
3,-
4,-
5,-
6,-
7,93
8,96
9,97
10,97
11,96
12,97
13,88
14,90
15,76
16,99
17,98
18,95
19,95
20,96
21,95
22,93
23,98
24,97
25,98
26,98
27,98
28,98
29,98
30,98
31,97
32,97
33,96
34,94
35,96
36,99
37,95
38,95
39,92
40,92
41,93
42,92
43,100
44,89
45,92
46,91
47,85
48,78
49,100
50,100
51,99
52,99
53,100
54,99
55,83
56,100
57,100
58,100
59,97
60,99
61,97
62,100
63,99
64,94
65,99
66,98
67,99
68,99
69,100
70,99
71,100
72,96
73,99
74,99
75,100
76,99
77,100
78,97
79,100
80,94
81,94
82,97
83,87
84,88
85,96
86,97
87,96
88,97
89,97
90,96
91,98
92,97
93,97
94,95
95,97
96,98
97,99
98,97
99,98
100,97
101,98
102,98
103,96
104,99
105,98
106,98
107,99
108,97
109,97
110,96
111,98
112,97
113,96
114,96
115,97
116,99
117,96
118,98
119,99
120,99
121,96
122,97
123,98
124,98
125,99
126,99
127,100
128,97
129,96
130,98
131,98
132,97
133,98
134,96
135,95
136,97
137,97
138,98
139,98
140,98
141,98
142,98
143,97
144,98
145,97
146,97
147,97
148,97
149,97
150,97
151,97
152,98
153,98
154,96
155,97
156,96
157,97
158,98
159,98
160,95
161,96
162,96
163,95
164,96
165,97
166,95
167,96
168,96
169,96
170,96
171,96
172,95
173,97
174,96
175,96
176,96
177,96
178,96
179,96
180,97
181,96
182,96
183,96
184,96
185,95
186,95
187,96
188,97
189,96
190,97
191,96
192,99
193,99
194,99
195,100
196,99
197,98
198,98
199,97
200,98
201,97
202,96
203,97
204,97
205,97
206,96
207,96
208,97
209,97
210,96
211,96
212,96
213,97
214,97
215,97
216,96
217,96
218,96
219,95
220,96
221,97
222,96
223,96
224,96
225,95
226,95
227,96
228,97
229,97
230,97
231,98
232,98
233,98
234,98
235,98
236,98
237,97
238,98
239,98
240,98
241,98
242,97
243,98
244,98
245,98
246,98
247,98
248,98
249,97
250,98
251,99
252,98
253,98
254,98
255,99
256,99
257,99
258,99
259,99
260,99
261,99
262,99
263,99
264,99
265,99
266,99
267,99
268,99
269,99
270,100
271,99
272,99
273,99
274,99
275,99
276,99
277,99
278,99
279,99
280,98
281,98
282,97
283,96
284,96
285,99
286,-
287,-
Enrollment Number,Case Date
P007,2019-08-13
INDEX,SpO2
1,-
2,-
3,-
4,-
5,-
6,70
7,77
8,69
9,78
10,96
11,97
12,96
13,93
14,88
15,99
16,100
17,91
18,100
19,100
20,100
21,100
22,100
23,100
24,100
25,100
26,100
27,100
28,100
29,100
30,100
31,100
32,100
33,100
34,100
35,100
36,100
37,100
38,100
39,100
40,100
41,100
42,100
43,100
44,100
45,100
46,100
47,100
48,100
49,100
50,100
51,100
52,100
53,100
54,100
55,100
56,100
57,100
58,100
59,100
60,100
61,100
62,100
63,100
64,100
65,100
66,100
67,100
68,100
69,100
70,100
71,100
72,100
73,100
74,100
75,100
76,100
77,100
78,100
79,100
80,100
81,100
82,100
83,100
84,100
85,100
86,100
87,100
88,100
89,100
90,100
91,100
92,100
93,100
94,100
95,100
96,100
97,100
98,100
99,100
100,100
101,100
102,100
103,100
104,100
105,100
106,100
107,100
108,100
109,100
110,100
111,100
112,100
113,100
114,100
115,100
116,100
117,100
118,100
119,100
120,100
121,100
122,100
123,100
124,100
125,100
126,100
127,100
128,100
129,100
130,100
131,100
132,100
133,100
134,100
135,100
136,100
137,100
138,100
139,100
140,100
141,100
142,100
143,100
144,100
145,100
146,100
147,100
148,100
149,100
150,100
151,100
152,100
153,100
154,100
155,100
156,100
157,100
158,100
159,100
160,100
161,100
162,100
163,100
164,100
165,100
166,100
167,100
168,100
169,100
170,100
171,100
172,100
173,100
174,100
175,100
176,100
177,100
178,100
179,100
180,100
181,100
182,100
183,100
184,100
185,100
186,100
187,100
188,100
189,100
190,100
191,100
192,100
193,100
194,100
195,100
196,100
197,100
198,100
199,100
200,100
201,100
202,100
203,100
204,100
205,100
206,100
207,100
208,100
209,100
210,100
211,100
212,100
213,100
214,100
215,100
216,100
217,100
218,100
219,100
220,100
221,100
222,100
223,100
224,100
225,100
226,100
227,100
228,100
229,100
230,100
231,97
232,100
233,99
234,-
235,-
236,-
237,-
Enrollment Number,Case Date
P008,2019-08-15
INDEX,SpO2
1,98
2,97
3,96
4,97
5,97
6,99
7,99
8,100
9,100
10,100
11,98
12,100
13,100
14,100
15,100
16,100
17,100
18,100
19,100
20,100
21,100
22,100
23,99
24,99
25,100
26,100
27,100
28,100
29,100
30,100
31,100
32,100
33,100
34,100
35,100
36,100
37,100
38,100
39,100
40,100
41,100
42,100
43,100
44,100
45,100
Enrollment Number,Case Date
P009,2019-08-15
INDEX,SpO2
1,-
2,-
3,-
4,-
5,96
6,97
7,96
8,98
9,100
10,100
11,100
12,100
13,100
14,100
15,100
16,100
17,100
18,100
19,100
20,100
21,100
22,100
23,100
24,100
25,100
26,100
27,100
28,100
29,100
30,100
31,100
32,100
33,100
34,100
35,100
36,100
37,100
38,100
39,100
40,100
41,100
42,100
43,100
44,100
45,100
46,100
47,100
48,100
49,100
50,100
51,100
52,100
53,100
54,100
55,100
56,100
57,100
58,100
59,100
60,99
Enrollment Number,Case Date
P010,2019-08-15
INDEX,SpO2
1,-
2,-
3,-
4,99
5,99
6,99
7,99
8,99
9,99
10,100
11,100
12,100
13,100
14,100
15,100
16,100
17,100
18,100
19,100
20,100
21,100
22,99
23,99
24,99
25,99
26,99
27,99
28,99
29,100
30,100
31,99
32,99
33,99
34,99
35,100
36,99
37,99
38,100
39,100
40,100
41,100
42,96
43,100
44,100
Enrollment Number,Case Date
P011,2019-08-19
INDEX,SpO2
1,94
2,96
3,96
4,96
5,97
6,96
7,96
8,97
9,98
10,97
11,98
12,97
13,98
14,98
15,99
16,99
17,99
18,99
19,99
20,99
21,99
22,100
23,99
24,100
25,100
26,99
27,97
28,98
29,98
30,99
31,100
32,99
33,100
34,99
35,99
36,100
37,100
38,100
39,100
40,100
41,100
42,100
43,100
44,100
45,100
46,100
47,100
48,100
Enrollment Number,Case Date
P012,2019-08-20
INDEX,SpO2
1,97
2,95
3,98
4,100
5,100
6,100
7,100
8,100
9,100
10,100
11,99
12,99
13,98
14,99
15,99
16,99
17,99
18,99
19,98
20,99
21,98
22,98
23,99
24,98
25,97
26,96
27,98
28,96
29,95
30,95
31,97
32,97
33,97
34,97
35,97
36,97
37,96
38,97
39,99
40,99
41,97
42,-
43,-
Enrollment Number,Case Date
P013,2019-08-20
INDEX,SpO2
1,-
2,-
3,-
4,-
5,-
6,99
7,100
8,97
9,77
10,100
11,100
12,100
13,100
14,100
15,99
16,100
17,100
18,100
19,99
20,99
21,100
22,100
23,99
24,100
25,99
26,100
27,99
28,98
29,99
30,98
31,99
32,99
33,100
34,100
35,100
36,99
37,100
38,98
39,98
40,98
41,98
42,98
43,98
44,98
45,97
46,99
47,99
48,98
49,99
50,-
Enrollment Number,Case Date
P014,2019-08-22
INDEX,SpO2
1,-
2,-
3,-
4,-
5,-
6,-
7,-
8,-
9,-
10,-
11,-
12,-
13,-
14,-
15,-
16,-
17,-
18,-
19,-
20,-
21,-
22,-
23,-
24,-
25,-
26,-
27,-
28,-
29,-
30,-
31,-
32,-
33,-
34,-
35,-
36,-
37,-
38,-
39,-
40,-
41,-
42,-
43,-
44,98
45,99
46,99
47,100
48,100
49,100
50,100
51,100
52,100
53,100
54,100
55,100
56,100
57,100
58,100
59,100
60,100
61,100
62,100
63,100
64,100
65,100
66,100
67,100
68,100
69,100
70,100
71,100
72,100
73,100
74,100
75,100
76,100
77,100
78,100
Enrollment Number,Case Date
P015,2019-08-26
INDEX,SpO2
1,-
2,-
3,-
4,97
5,84
6,98
7,97
8,97
9,100
10,100
11,100
12,100
13,100
14,100
15,100
16,100
17,100
18,99
19,99
20,99
21,99
22,99
23,99
24,99
25,99
26,100
27,99
28,99
29,99
30,99
31,99
32,99
33,99
34,99
35,99
36,99
37,99
38,99
39,99
40,99
41,99
42,99
43,100
44,99
45,100
46,99
47,99
48,100
49,99
50,99
51,100
52,100
53,100
54,100
55,100
56,100
57,100
58,100
59,99
60,99
61,99
62,97
63,-
Enrollment Number,Case Date
P016,2019-08-27
INDEX,SpO2
1,-
2,-
3,-
4,100
5,100
6,99
7,94
8,100
9,100
10,100
11,100
12,100
13,100
14,100
15,99
16,99
17,99
18,99
19,99
20,98
21,98
22,98
23,98
24,98
25,98
26,97
27,98
28,98
29,98
30,99
31,98
32,98
33,99
34,98
35,98
36,98
37,98
38,99
39,100
40,100
41,99
42,99
43,100
44,99
45,100
46,99
47,100
48,100
49,100
50,99
51,100
52,100
53,99
54,99
55,98
56,98
57,98
58,99
59,99
60,99
61,100
62,100
Enrollment Number,Case Date
P017,2019-08-28
INDEX,SpO2
1,85
2,95
3,97
4,94
5,96
6,99
7,99
8,100
9,100
10,100
11,100
12,100
13,100
14,100
15,100
16,100
17,100
18,97
19,98
20,99
21,100
22,98
23,100
24,96
25,98
26,98
27,98
28,97
29,98
30,99
31,99
32,99
33,100
34,99
35,99
36,99
37,99
38,99
39,98
40,98
41,98
42,98
43,93
44,92
45,95
46,96
47,98
48,96
49,96
50,96
51,97
52,97
53,97
54,97
55,97
56,97
57,97
58,97
59,98
60,99
61,98
62,99
63,98
64,98
65,98
66,97
67,98
68,97
69,98
70,98
71,99
72,97
73,98
74,97
75,98
76,98
77,98
78,98
79,100
80,96
81,97
82,97
83,99
84,98
85,98
86,98
87,99
88,97
89,97
90,97
91,98
92,97
93,97
94,96
95,99
96,100
97,99
98,99
99,99
100,97
101,96
102,95
103,96
104,96
105,97
106,97
107,96
108,98
109,97
110,97
111,97
112,96
113,97
114,96
115,98
116,96
117,93
118,95
119,95
120,95
121,95
122,94
123,95
124,97
125,94
126,92
127,93
128,94
129,94
130,92
131,93
132,93
133,93
134,92
135,92
136,95
137,93
138,94
139,95
140,95
141,95
142,95
143,94
144,95
145,95
146,95
147,95
148,95
149,95
150,96
151,97
152,97
153,96
154,97
155,98
156,97
157,97
158,98
159,98
160,97
161,98
162,99
163,98
164,98
165,97
166,-
167,-
168,-
169,100
170,100
171,94
172,100
173,100
174,100
175,100
176,100
177,100
178,100
179,100
180,100
181,100
182,100
183,100
184,100
185,100
186,100
187,100
188,-
189,-
190,64
191,100
192,100
193,99
194,100
195,100
196,90
Enrollment Number,Case Date
P018,2019-08-28
INDEX,SpO2
1,-
2,-
3,-
4,100
5,91
6,94
7,96
8,96
9,98
10,98
11,99
12,98
13,99
14,98
15,99
16,99
17,99
18,99
19,98
20,98
21,98
22,98
23,97
24,97
25,97
26,98
27,97
28,97
29,97
30,97
31,96
32,97
33,97
34,-
35,-
36,-
37,-
38,-
39,-
40,-
41,98
42,97
43,97
44,97
45,97
46,98
47,98
48,97
49,97
50,97
51,98
52,98
53,98
54,97
55,97
56,97
57,98
58,98
59,98
60,97
61,97
62,95
63,97
64,97
65,97
66,97
67,96
68,96
69,96
70,96
71,96
72,97
73,97
74,97
75,97
76,97
77,97
78,97
79,97
80,97
81,97
82,98
83,98
84,98
85,98
86,97
87,98
88,98
89,98
90,97
91,97
92,98
93,97
94,97
95,97
96,97
97,96
98,96
99,97
100,96
101,97
102,97
103,97
104,97
105,96
106,97
107,97
108,97
109,97
110,97
111,97
112,97
113,97
114,97
115,96
116,96
117,96
118,97
119,97
120,97
121,97
122,99
123,96
124,97
125,95
126,96
127,96
128,96
129,93
130,94
131,93
132,92
133,93
134,95
135,96
136,97
137,97
138,97
139,96
140,95
141,94
142,91
143,93
144,91
145,94
146,93
147,94
148,99
149,94
150,95
151,91
152,94
153,92
154,92
155,92
156,92
157,97
158,97
159,97
160,97
161,97
162,97
163,97
164,97
165,97
166,97
167,97
168,96
169,96
170,96
171,96
172,96
173,96
174,96
175,93
176,93
177,92
178,93
179,92
180,93
181,93
182,94
183,93
184,93
185,93
186,94
187,93
188,93
189,93
190,94
191,94
192,94
193,95
194,94
195,95
196,95
197,95
198,94
199,96
200,94
201,95
202,93
203,91
204,92
205,91
206,90
207,91
208,-
209,-
210,-
211,-
212,-
Enrollment Number,Case Date
P019,2019-08-29
INDEX,SpO2
1,98
2,95
3,96
4,100
5,100
6,100
7,100
8,99
9,99
10,100
11,100
12,100
13,100
14,100
15,100
16,100
17,100
18,100
19,100
20,100
21,100
22,99
23,100
24,99
25,100
26,100
27,99
28,99
29,100
30,100
31,100
32,100
33,100
34,100
35,100
36,100
37,100
38,100
39,100
40,100
41,-
42,-
43,-
Enrollment Number,Case Date
P020,2019-09-05
INDEX,SpO2
1,97
2,96
3,98
4,100
5,100
6,100
7,100
8,100
9,100
10,100
11,100
12,100
13,100
14,100
15,100
16,100
17,100
18,100
19,100
20,100
21,100
22,100
23,100
24,98
25,98
26,98
27,100
28,100
29,100
30,100
31,100
32,100
33,100
34,100
35,100
36,100
37,100
38,100
39,100
40,100
41,100
42,100
43,100
44,100
45,100
46,100
47,100
48,100
49,100
50,100
51,100
52,100
53,100
54,-
Enrollment Number,Case Date
P021,2019-09-03
INDEX,SpO2
1,-
2,-
3,-
4,93
5,93
6,93
7,97
8,99
9,99
10,100
11,100
12,100
13,100
14,100
15,100
16,100
17,100
18,100
19,99
20,99
21,99
22,99
23,98
24,98
25,98
26,98
27,98
28,97
29,98
30,95
31,96
32,96
33,97
34,97
35,97
36,97
37,98
38,98
39,98
40,98
41,98
42,-
43,-
Enrollment Number,Case Date
P022,2019-09-03
INDEX,SpO2
1,-
2,-
3,-
4,-
5,-
6,-
7,-
8,-
9,-
10,-
11,-
12,-
13,-
14,-
15,-
16,-
17,-
18,-
19,-
20,-
21,-
22,-
23,-
24,-
25,-
26,-
27,-
28,-
29,98
30,98
31,99
32,100
33,100
34,100
35,100
36,100
37,100
38,100
39,100
40,100
41,100
42,100
43,100
44,100
45,100
46,100
47,100
48,98
49,100
50,100
51,100
52,100
53,100
54,100
55,100
56,100
57,100
58,100
59,100
60,-
61,-
Enrollment Number,Case Date
P023,2019-09-03
INDEX,SpO2
1,97
2,96
3,97
4,99
5,99
6,98
7,99
8,97
9,100
10,100
11,100
12,98
13,98
14,98
15,95
16,96
17,97
18,97
19,97
20,97
21,97
22,97
23,96
24,95
25,96
26,96
27,97
28,97
29,97
30,98
31,98
32,98
33,98
34,98
35,98
36,98
37,98
38,97
39,97
40,97
41,97
42,97
43,98
44,97
45,97
46,97
47,98
48,95
49,-
50,-
51,-
Enrollment Number,Case Date
P024,2019-09-25
INDEX,SpO2
1,-
2,-
3,-
4,-
5,-
6,-
7,-
8,-
9,-
10,-
11,-
12,-
13,-
14,-
15,-
16,-
17,-
18,-
19,-
20,-
21,-
22,-
23,-
24,-
25,-
26,-
27,-
28,92
29,86
30,83
31,87
32,79
33,98
34,95
35,95
36,95
37,94
38,94
39,98
40,95
41,98
42,99
43,98
44,100
45,100
46,100
47,100
48,100
49,100
50,100
51,100
52,100
53,100
54,100
55,100
56,100
57,100
58,100
59,100
60,98
61,98
62,98
63,97
64,99
65,100
66,100
67,100
68,100
69,100
70,99
71,100
72,99
73,80
74,100
75,94
76,100
77,99
78,99
79,99
80,99
81,99
82,99
83,98
84,99
85,99
86,98
87,97
88,99
89,99
90,98
91,97
92,97
93,98
94,98
95,98
96,98
97,99
98,99
99,98
100,98
101,99
102,98
103,98
104,98
105,100
106,99
107,99
108,99
109,99
110,99
111,98
112,100
113,99
114,99
115,100
116,100
117,100
118,99
119,99
120,100
121,100
122,98
123,97
124,98
125,96
126,99
127,99
128,96
129,99
130,99
131,100
132,100
133,98
134,95
135,-
136,91
137,99
138,100
139,100
140,100
141,100
142,100
143,100
144,100
145,100
146,100
147,99
148,100
149,86
150,100
151,100
152,100
153,100
154,100
155,89
156,100
157,100
158,92
159,97
160,95
161,94
162,100
163,100
164,80
165,100
166,100
167,100
168,100
169,100
170,100
171,100
172,100
173,98
174,98
175,98
176,97
177,99
178,99
179,98
180,100
181,98
182,97
183,98
184,100
185,100
186,100
187,100
188,100
189,100
190,100
191,100
192,100
193,100
194,100
195,100
196,100
197,100
198,100
199,100
200,100
201,100
202,100
203,100
204,100
205,100
206,100
207,100
208,100
209,100
210,100
211,100
212,100
213,100
214,100
215,100
216,100
217,100
218,100
219,100
220,100
221,100
222,100
223,100
224,100
225,100
226,100
227,100
228,100
229,100
230,100
231,100
232,100
233,100
234,100
235,100
236,100
237,100
238,100
239,100
240,100
241,100
242,99
243,100
244,100
245,99
246,-
247,-
248,-
249,-
250,-
251,-
Enrollment Number,Case Date
P025,2019-09-09
INDEX,SpO2
1,-
2,-
3,-
4,-
5,100
6,100
7,100
8,100
9,100
10,100
11,100
12,100
13,100
14,100
15,100
16,100
17,100
18,100
19,99
20,100
21,100
22,100
23,100
24,100
25,100
26,100
27,100
28,100
29,100
30,100
31,100
32,100
33,100
34,100
35,100
36,100
37,100
38,100
39,100
40,100
41,100
42,100
43,100
44,100
45,100
46,100
47,100
48,100
49,100
50,100
51,100
52,97
53,97
54,98
55,99
56,99
57,99
58,99
59,99
60,99
61,99
62,99
63,100
64,100
65,100
66,100
67,99
68,99
69,99
70,99
71,98
72,98
73,98
74,99
75,99
76,99
77,99
78,97
79,95
80,93
81,-
Enrollment Number,Case Date
P026,2019-09-09
INDEX,SpO2
1,-
2,-
3,-
4,-
5,-
6,-
7,-
8,80
9,92
10,100
11,100
12,100
13,100
14,100
15,100
16,100
17,100
18,100
19,100
20,100
21,100
22,100
23,100
24,100
25,100
26,100
27,100
28,100
29,100
30,100
31,100
32,100
33,100
34,100
35,100
36,100
37,100
38,100
39,100
40,100
41,100
42,100
43,100
44,100
45,100
46,100
47,100
48,100
49,99
50,99
51,100
52,100
53,100
54,100
55,100
56,100
57,100
58,99
59,99
60,100
61,100
62,100
63,100
64,100
65,100
66,100
67,100
68,100
69,100
70,100
71,100
72,100
73,99
74,99
75,100
76,99
77,100
78,100
79,100
80,99
81,99
82,99
83,100
84,100
85,99
86,99
87,99
88,99
89,99
90,99
91,99
92,98
93,99
94,99
95,99
96,100
97,99
98,99
99,99
100,99
101,99
102,99
103,99
104,99
105,99
106,99
107,99
108,99
109,99
110,99
111,100
112,99
113,99
114,99
115,99
116,99
Enrollment Number,Case Date
P027,2019-09-10
INDEX,SpO2
1,-
2,-
3,-
4,-
5,-
6,-
7,-
8,79
9,68
10,95
11,92
12,89
13,99
14,94
15,99
16,100
17,100
18,100
19,100
20,100
21,100
22,100
23,100
24,100
25,100
26,100
27,100
28,100
29,100
30,100
31,100
32,100
33,100
34,100
35,100
36,100
37,100
38,99
39,99
40,100
41,100
42,100
43,100
44,100
45,100
46,99
47,100
48,100
49,100
50,100
51,99
52,100
53,100
54,100
55,100
56,100
57,100
58,100
59,100
60,100
61,99
62,100
63,100
64,100
65,99
66,100
67,100
68,99
69,99
70,100
71,99
72,99
73,99
74,99
75,99
76,99
77,99
78,100
79,100
80,100
81,99
82,99
83,99
84,98
85,98
86,98
87,97
88,95
89,93
90,93
91,92
92,98
93,97
94,98
95,98
96,98
97,97
98,96
99,96
100,96
101,98
102,99
103,99
104,99
105,98
106,98
107,98
108,99
109,99
110,98
111,97
112,97
113,96
114,97
115,97
116,97
117,97
118,99
119,99
120,99
121,99
122,99
123,99
124,99
125,99
126,98
127,98
128,97
129,96
130,96
131,95
132,94
133,95
134,99
135,98
136,98
137,99
138,99
139,98
140,99
141,99
142,99
143,99
144,99
145,99
146,99
147,99
148,99
149,99
150,99
151,99
152,99
153,99
154,99
155,99
156,99
157,98
158,98
159,97
160,97
161,98
162,98
163,98
164,98
165,97
166,98
167,98
168,99
169,98
170,99
171,98
172,97
173,96
174,97
175,97
176,97
177,96
178,96
179,97
180,96
181,97
182,98
183,98
184,98
185,100
186,99
187,99
188,99
189,99
190,99
191,99
192,99
193,99
194,99
195,99
196,99
197,99
198,100
199,99
200,99
201,100
202,100
203,99
204,99
205,100
Enrollment Number,Case Date
P028,2019-09-10
INDEX,SpO2
1,-
2,-
3,-
4,-
5,-
6,-
7,-
8,-
9,-
10,94
11,98
12,98
13,98
14,95
15,100
16,100
17,100
18,100
19,100
20,100
21,100
22,100
23,100
24,100
25,100
26,100
27,100
28,100
29,100
30,100
31,100
32,100
33,100
34,100
35,100
36,100
37,100
38,100
39,100
40,100
41,100
42,100
43,100
44,100
45,100
46,100
47,100
48,100
49,100
50,100
51,100
52,100
53,100
54,100
55,100
56,100
57,100
58,100
59,100
60,100
61,100
62,100
63,100
64,100
65,100
66,100
67,100
68,100
69,100
70,100
71,100
72,100
73,100
74,100
75,100
76,100
77,100
78,100
79,100
80,100
81,100
82,100
83,100
84,100
85,100
86,100
87,100
88,100
89,100
90,100
91,100
92,100
93,100
94,100
95,100
96,100
97,100
98,100
99,100
100,100
101,100
102,100
103,100
104,100
105,100
106,100
107,100
108,100
109,100
110,100
111,100
112,100
113,100
114,100
115,100
116,100
117,100
118,100
119,100
120,100
121,100
122,100
123,100
124,100
125,100
126,100
127,100
128,100
129,100
130,100
131,100
132,100
133,100
134,100
135,100
136,100
137,100
138,100
139,100
140,100
141,100
142,100
143,100
144,100
145,100
146,100
147,100
148,100
149,100
150,100
151,100
152,100
153,100
154,100
155,100
156,100
157,100
158,99
159,100
160,100
161,100
162,100
163,100
164,100
165,100
166,100
167,100
168,100
169,99
170,100
171,100
172,100
173,100
174,100
175,100
176,100
177,100
178,100
Enrollment Number,Case Date
P029,2019-09-11
INDEX,SpO2
1,98
2,97
3,96
4,96
5,97
6,97
7,96
8,99
9,100
10,100
11,100
12,100
13,100
14,100
15,100
16,100
17,100
18,100
19,100
20,100
21,100
22,100
23,99
24,100
25,100
26,100
27,100
28,100
29,99
30,100
31,99
32,99
33,100
34,100
35,100
36,100
37,100
38,100
39,100
40,100
41,100
42,100
43,100
44,100
45,100
46,100
47,100
48,100
49,100
50,100
51,100
52,100
53,100
54,100
55,100
56,100
57,100
58,100
59,100
60,100
61,100
62,100
63,100
64,100
65,100
66,100
67,100
68,100
69,100
70,100
71,100
72,100
73,100
74,100
75,100
76,100
77,100
78,100
79,100
80,100
81,100
82,100
83,100
84,100
85,100
86,100
87,100
88,100
89,100
90,100
91,100
92,100
93,100
94,100
95,100
96,100
97,100
98,100
99,100
100,100
101,100
102,100
103,100
104,100
105,100
106,100
107,100
108,100
109,100
110,100
111,100
112,100
113,100
114,100
115,100
116,100
117,100
118,100
119,100
120,100
121,100
122,100
123,100
124,100
125,100
126,100
127,100
128,100
129,100
130,100
131,100
132,100
133,100
134,100
135,100
136,100
137,100
138,100
139,100
140,100
141,100
142,100
143,100
144,100
145,100
146,100
147,100
148,100
149,100
150,100
151,100
152,-
153,-
154,-
Enrollment Number,Case Date
P030,2019-09-12
INDEX,SpO2
1,81
2,98
3,99
4,98
5,99
6,100
7,100
8,100
9,100
10,100
11,100
12,100
13,100
14,100
15,100
16,100
17,99
18,100
19,100
20,100
21,100
22,100
23,100
24,100
25,100
26,99
27,99
28,100
29,100
30,100
31,100
32,100
33,100
34,100
35,100
36,100
37,100
38,100
39,100
40,100
41,100
42,100
43,100
44,100
45,100
46,100
47,100
48,100
49,100
50,100
51,100
52,100
53,100
54,100
55,100
56,100
57,100
58,-
59,-
60,-
61,-
62,-
63,-
64,-
Enrollment Number,Case Date
P031,2019-09-12
INDEX,SpO2
1,80
2,93
3,94
4,97
5,97
6,98
7,99
8,98
9,98
10,99
11,99
12,95
13,94
14,95
15,96
16,96
17,97
18,97
19,96
20,100
21,99
22,99
23,99
24,97
25,98
26,97
27,97
28,97
29,97
30,97
31,96
32,97
33,96
34,97
35,97
36,96
37,98
38,98
39,99
40,95
41,-
42,-
Enrollment Number,Case Date
P032,2019-09-12
INDEX,SpO2
1,-
2,-
3,75
4,91
5,88
6,89
7,91
8,98
9,97
10,99
11,99
12,100
13,100
14,100
15,99
16,99
17,99
18,96
19,96
20,98
21,99
22,99
23,99
24,99
25,98
26,99
27,99
28,99
29,99
30,99
31,98
32,98
33,99
34,98
35,99
36,99
37,99
38,99
39,98
40,98
41,98
42,97
43,99
44,99
45,99
46,99
47,98
48,98
49,100
50,99
51,98
52,-
53,-
54,-
55,-
Enrollment Number,Case Date
P033,2019-09-12
INDEX,SpO2
1,-
2,-
3,-
4,-
5,-
6,-
7,-
8,-
9,-
10,94
11,91
12,99
13,94
14,99
15,100
16,100
17,100
18,100
19,100
20,100
21,100
22,100
23,99
24,100
25,99
26,99
27,99
28,99
29,99
30,99
31,99
32,99
33,99
34,98
35,100
36,100
37,100
38,100
39,100
40,100
41,100
42,99
43,99
44,99
45,100
46,99
47,100
48,100
49,100
50,100
51,100
52,100
53,100
54,100
55,100
56,100
57,100
58,100
59,100
60,99
61,97
62,98
63,99
64,99
65,99
66,98
67,99
68,98
69,99
Enrollment Number,Case Date
P034,2019-09-16
INDEX,SpO2
1,96
2,98
3,99
4,99
5,100
6,99
7,100
8,100
9,100
10,100
11,98
12,96
13,99
14,99
15,98
16,98
17,98
18,99
19,98
20,97
21,98
22,97
23,99
24,99
25,99
26,99
27,99
28,99
29,99
30,99
31,94
32,99
33,99
34,99
35,99
36,99
37,98
38,99
39,100
40,99
41,100
42,100
43,100
44,100
45,99
46,99
47,99
48,99
49,99
50,99
51,99
52,98
53,99
54,98
55,98
56,98
57,98
58,98
59,99
60,100
61,100
62,100
63,98
64,100
65,100
66,100
67,100
68,100
69,100
70,100
71,99
72,98
73,98
74,98
75,98
76,97
77,97
78,97
79,97
80,97
81,96
82,97
83,96
84,97
85,97
86,95
87,98
88,98
89,98
90,97
91,98
92,98
93,98
94,98
95,99
96,100
97,100
98,100
99,99
100,100
101,100
102,100
103,100
104,99
105,100
106,100
107,100
Enrollment Number,Case Date
P035,2019-09-16
INDEX,SpO2
1,-
2,-
3,-
4,-
5,-
6,-
7,-
8,-
9,97
10,97
11,96
12,96
13,98
14,100
15,97
16,100
17,100
18,100
19,100
20,99
21,100
22,100
23,100
24,100
25,100
26,100
27,100
28,100
29,100
30,100
31,100
32,99
33,100
34,99
35,100
36,100
37,100
38,100
39,100
40,100
41,99
42,100
43,100
44,100
45,100
46,100
47,100
48,100
49,100
50,100
51,100
52,100
53,100
54,100
55,100
56,100
57,100
58,100
59,100
60,100
61,100
62,98
63,-
Enrollment Number,Case Date
P036,2019-09-16
INDEX,SpO2
1,95
2,96
3,97
4,98
5,98
6,97
7,99
8,100
9,100
10,100
11,100
12,99
13,99
14,99
15,98
16,98
17,98
18,96
19,98
20,98
21,98
22,98
23,97
24,98
25,98
26,98
27,98
28,98
29,98
30,98
31,98
32,98
33,99
34,98
35,98
36,98
37,98
38,99
39,99
40,99
Enrollment Number,Case Date
P037,2019-09-16
INDEX,SpO2
1,90
2,98
3,98
4,100
5,100
6,100
7,100
8,99
9,98
10,100
11,100
12,98
13,100
14,100
15,99
16,98
17,95
18,95
19,98
20,96
21,99
22,99
23,99
24,98
25,98
26,98
27,98
28,98
29,100
30,100
31,100
32,99
33,99
34,100
35,99
36,99
37,99
38,99
39,99
40,100
41,100
42,100
43,100
44,100
45,100
46,100
47,100
48,100
49,99
50,100
51,99
52,99
53,99
54,99
55,99
56,100
57,99
58,99
59,100
60,100
61,100
62,100
63,-
Enrollment Number,Case Date
P038,2019-09-17
INDEX,SpO2
1,-
2,-
3,97
4,96
5,99
6,100
7,100
8,100
9,100
10,100
11,100
12,100
13,99
14,98
15,98
16,98
17,98
18,99
19,99
20,99
21,98
22,99
23,99
24,99
25,98
26,98
27,98
28,98
29,98
30,99
31,98
32,98
33,98
34,98
35,98
36,98
37,98
38,98
39,99
40,99
41,99
42,99
43,99
44,99
45,98
46,99
47,99
48,99
49,99
50,99
51,99
52,99
53,99
54,99
55,99
56,99
57,99
58,99
59,99
60,99
61,99
62,99
63,99
64,99
65,99
66,99
67,99
68,99
69,100
70,99
71,-
72,-
Enrollment Number,Case Date
P039,2019-09-17
INDEX,SpO2
1,-
2,-
3,-
4,93
5,92
6,88
7,97
8,96
9,100
10,96
11,98
12,100
13,100
14,99
15,100
16,100
17,100
18,100
19,100
20,100
21,100
22,99
23,100
24,100
25,100
26,100
27,99
28,99
29,100
30,100
31,98
32,100
33,99
34,99
35,100
36,100
37,100
38,100
39,100
40,100
41,100
42,100
43,99
44,99
45,99
46,99
47,99
48,99
49,99
50,99
51,99
52,99
53,99
54,99
55,99
56,99
57,99
58,99
59,99
60,99
61,100
62,100
63,100
64,99
65,99
66,100
67,99
68,99
69,98
70,99
71,98
72,100
73,99
74,99
75,99
76,98
77,100
78,99
79,100
80,99
81,99
82,99
83,99
84,99
85,98
86,100
87,100
88,100
89,100
90,100
91,99
92,98
93,100
94,100
95,99
96,99
97,99
98,99
99,100
100,98
101,99
102,100
103,99
104,100
105,98
106,99
107,99
108,98
109,99
Enrollment Number,Case Date
P040,2019-09-19
INDEX,SpO2
1,95
2,95
3,95
4,99
5,99
6,99
7,100
8,99
9,99
10,99
11,99
12,98
13,98
14,98
15,98
16,98
17,98
18,98
19,98
20,98
21,98
22,98
23,98
24,99
25,98
26,98
27,99
28,98
29,98
30,98
31,98
32,98
33,98
34,98
35,98
36,98
37,97
38,98
39,98
40,98
41,98
42,98
43,98
44,98
45,98
46,98
47,98
48,98
49,98
50,98
51,98
52,99
53,98
54,98
55,98
56,98
57,98
58,98
59,98
60,98
61,98
Enrollment Number,Case Date
P041,2019-09-19
INDEX,SpO2
1,-
2,-
3,-
4,-
5,96
6,91
7,94
8,93
9,91
10,98
11,96
12,100
13,100
14,100
15,100
16,100
17,100
18,100
19,100
20,100
21,100
Enrollment Number,Case Date
P042,2019-09-23
INDEX,SpO2
1,-
2,-
3,-
4,-
5,-
6,-
7,96
8,97
9,99
10,99
11,99
12,100
13,100
14,100
15,100
16,100
17,100
18,99
19,100
20,99
21,100
22,99
23,100
24,100
25,99
26,100
27,99
28,100
29,100
30,100
31,100
32,100
33,100
34,100
35,100
36,99
37,100
38,100
39,100
40,100
41,100
42,100
43,100
44,100
45,100
46,100
47,100
48,100
49,100
50,100
51,99
52,100
53,100
54,100
55,100
56,100
57,99
58,100
59,100
60,99
61,100
62,100
63,100
64,100
65,100
66,100
67,99
68,100
69,100
70,100
71,100
72,99
73,99
74,100
75,100
76,100
77,100
78,99
79,100
80,100
81,100
82,99
83,100
84,100
85,100
86,100
87,100
88,100
89,100
90,100
91,100
92,100
93,100
94,100
95,100
96,99
97,100
98,99
99,-
Enrollment Number,Case Date
P043,2019-09-23
INDEX,SpO2
1,-
2,99
3,96
4,98
5,100
6,100
7,100
8,100
9,100
10,100
11,100
12,100
13,100
14,100
15,100
16,100
17,100
18,100
19,100
20,100
21,100
22,100
23,100
24,100
25,100
26,100
27,100
28,100
29,100
30,100
31,100
32,100
33,100
34,100
35,100
36,100
37,100
38,100
39,100
40,100
41,100
42,100
43,100
44,100
45,100
46,100
47,100
48,100
49,100
50,100
51,100
52,100
53,100
54,-
Enrollment Number,Case Date
P044,2019-09-24
INDEX,SpO2
1,-
2,-
3,-
4,88
5,95
6,98
7,99
8,99
9,99
10,99
11,100
12,100
13,98
14,99
15,98
16,100
17,100
18,100
19,99
20,100
21,100
22,100
23,99
24,100
25,100
26,100
27,100
28,100
29,100
30,100
31,100
32,100
33,100
34,100
35,100
36,100
37,100
38,-
39,-
Enrollment Number,Case Date
P045,2019-09-24
INDEX,SpO2
1,-
2,-
3,-
4,-
5,94
6,96
7,96
8,97
9,98
10,98
11,99
12,98
13,93
14,95
15,94
16,95
17,95
18,97
19,96
20,95
21,95
22,-
23,100
24,99
25,99
26,99
27,100
28,100
29,100
30,99
31,99
32,99
33,99
34,99
35,98
36,98
37,96
38,99
39,99
40,98
41,99
42,97
43,98
44,99
45,99
46,99
47,98
48,99
49,99
50,99
51,98
52,98
53,96
54,96
55,97
56,98
57,98
58,98
59,98
60,98
61,99
62,98
63,99
64,99
65,99
66,99
67,100
68,99
69,99
70,99
71,99
72,99
73,99
74,100
75,99
76,99
77,99
78,99
79,100
80,99
81,98
82,100
83,100
84,100
85,99
86,100
87,100
88,99
89,99
90,99
91,99
92,99
93,99
94,99
95,99
96,99
97,99
98,99
99,98
100,99
101,98
102,97
103,98
104,98
105,99
106,98
107,98
108,99
109,100
110,100
111,99
112,100
113,100
114,99
115,99
116,100
117,100
118,99
119,99
120,99
121,98
122,99
123,99
124,100
125,98
126,99
127,100
128,100
129,99
130,99
131,99
132,99
133,99
134,100
135,99
136,-
137,-
138,-
Enrollment Number,Case Date
P046,2019-09-26
INDEX,SpO2
1,-
2,-
3,-
4,-
5,87
6,93
7,94
8,96
9,95
10,100
11,100
12,99
13,98
14,99
15,98
16,99
17,99
18,98
19,98
20,96
21,97
22,96
23,97
24,97
25,98
26,97
27,98
28,98
29,98
30,98
31,98
32,98
33,99
34,98
35,99
36,99
37,99
38,99
39,98
40,98
41,98
42,98
43,99
44,99
45,99
46,98
47,95
48,95
49,95
50,98
51,98
52,98
53,98
54,98
55,98
56,98
57,98
58,98
59,98
60,99
61,99
62,99
63,99
64,99
65,99
66,98
67,98
68,98
69,98
70,98
71,98
72,95
73,-
Enrollment Number,Case Date
P047,2019-09-26
INDEX,SpO2
1,-
2,-
3,-
4,-
5,-
6,-
7,-
8,-
9,-
10,-
11,-
12,-
13,72
14,91
15,49
16,98
17,94
18,98
19,99
20,99
21,100
22,100
23,100
24,100
25,100
26,100
27,100
28,100
29,100
30,100
31,100
32,100
33,100
34,100
35,100
36,100
37,100
38,100
39,100
40,100
41,100
42,100
43,100
44,100
45,100
46,100
47,100
48,100
49,-
50,-
51,-
52,-
53,-
54,-
Enrollment Number,Case Date
P048,2019-09-20
INDEX,SpO2
1,76
2,89
3,-
4,-
5,-
6,-
7,-
8,82
9,100
10,100
11,99
12,99
13,96
14,99
15,100
16,100
17,100
18,100
19,100
20,99
21,99
22,99
23,99
24,99
25,99
26,100
27,99
28,99
29,99
30,99
31,98
32,99
33,99
34,99
35,98
36,99
37,99
38,99
39,99
40,99
41,99
42,99
43,100
44,99
45,99
46,100
47,99
48,99
49,99
50,99
51,99
52,99
53,99
54,100
55,100
56,100
57,100
58,100
59,100
60,99
61,100
62,100
63,100
64,99
65,100
66,100
67,100
68,100
69,100
70,99
71,100
72,100
73,100
74,100
75,100
76,100
77,100
78,100
79,100
80,100
81,100
82,100
83,100
84,100
85,100
86,100
87,100
88,99
89,100
90,100
91,100
92,100
93,100
94,100
95,100
96,100
97,100
98,100
99,100
100,99
101,99
102,100
103,100
104,99
105,100
106,99
107,100
108,100
109,99
110,99
111,99
112,99
113,100
114,100
115,100
116,100
117,100
118,100
119,100
120,100
121,99
122,100
123,100
124,100
125,99
126,99
127,100
128,99
129,100
130,99
131,100
132,100
133,100
134,99
135,99
136,99
137,99
138,99
139,98
140,98
141,98
142,99
143,99
144,97
145,99
146,-
147,95
148,100
149,99
150,99
151,99
152,98
153,98
154,97
155,97
156,96
157,94
158,100
159,100
160,100
161,99
162,98
163,97
164,97
165,97
166,97
167,96
168,95
169,96
170,100
171,100
172,99
173,99
174,99
175,99
Enrollment Number,Case Date
P049,2019-10-01
INDEX,SpO2
1,-
2,-
3,-
4,-
5,-
6,-
7,-
8,100
9,97
10,99
11,98
12,98
13,100
14,100
15,100
16,100
17,100
18,100
19,100
20,100
21,100
22,100
23,100
24,100
25,82
26,100
27,100
28,100
29,99
30,100
31,99
32,99
33,100
34,100
35,100
36,100
37,100
38,100
39,100
40,100
41,100
42,100
43,100
44,100
45,100
46,100
47,100
48,100
49,100
50,100
51,100
52,100
53,100
54,100
55,100
56,100
57,100
58,100
59,100
60,100
61,100
62,100
63,100
64,100
65,100
66,100
67,100
68,100
69,100
70,100
71,100
72,100
73,100
74,100
75,100
76,100
77,100
78,100
79,100
80,100
81,100
82,100
83,100
84,100
85,100
86,100
87,100
88,100
89,100
90,100
91,100
92,100
93,100
94,100
95,100
96,100
97,100
98,100
99,100
100,100
101,100
102,100
103,100
104,100
105,100
106,100
107,100
108,100
109,100
110,100
111,100
112,100
113,100
114,100
115,100
116,100
117,100
118,100
119,100
120,100
121,100
122,100
123,100
124,100
125,100
126,100
127,100
128,100
129,100
130,100
131,100
132,100
133,100
134,100
135,100
136,100
137,100
138,100
139,100
140,100
141,100
142,100
143,100
144,100
145,100
146,100
147,100
148,100
149,100
150,100
151,-
152,-
Enrollment Number,Case Date
P050,2019-10-01
INDEX,SpO2
1,-
2,-
3,-
4,-
5,-
6,-
7,-
8,82
9,97
10,98
11,99
12,98
13,99
14,100
15,98
16,99
17,99
18,100
19,100
20,100
21,100
22,100
23,100
24,100
25,100
26,99
27,100
28,99
29,99
30,99
31,99
32,99
33,99
34,99
35,99
36,99
37,99
38,99
39,99
40,99
41,99
42,99
43,99
44,99
45,99
46,99
47,100
48,99
49,99
50,99
51,99
52,99
53,100
54,100
55,100
56,99
57,99
58,100
59,99
60,99
61,99
62,99
63,99
64,98
65,100
66,99
67,99
68,99
69,98
70,99
71,100
72,99
73,98
74,100
75,99
76,99
77,99
78,99
79,98
80,99
81,96
82,98
83,100
84,100
85,100
86,100
87,100
88,100
89,100
90,100
91,99
92,98
93,97
94,100
95,100
96,100
97,100
98,100
99,99
100,100
101,100
102,100
103,99
104,100
105,100
106,100
107,100
108,99
109,100
110,100
111,100
112,95
113,-
114,-
Enrollment Number,Case Date
P051,2019-10-02
INDEX,SpO2
1,-
2,-
3,-
4,-
5,-
6,-
7,-
8,-
9,-
10,-
11,-
12,-
13,-
14,-
15,-
16,100
17,100
18,100
19,100
20,100
21,100
22,100
23,100
24,100
25,100
26,100
27,100
28,100
29,100
30,100
31,100
32,100
33,100
34,100
35,100
36,100
37,100
38,100
39,100
40,100
41,100
42,100
43,100
44,100
45,100
46,100
47,100
48,100
49,100
50,100
51,100
52,100
53,100
54,100
55,100
56,100
57,100
58,100
59,100
60,100
61,100
62,100
63,100
64,100
65,100
66,100
67,100
68,100
69,100
70,100
71,100
72,100
73,100
74,100
75,100
76,100
77,100
78,100
79,100
80,100
81,100
82,100
83,100
84,100
85,100
86,100
87,100
88,100
89,100
90,100
91,100
92,100
93,100
94,100
95,100
96,100
97,99
98,-
Enrollment Number,Case Date
P052,2019-10-02
INDEX,SpO2
1,100
2,99
3,99
4,99
5,100
6,99
7,100
8,99
9,98
10,99
11,98
12,100
13,100
14,100
15,100
16,100
17,99
18,100
19,100
20,98
21,100
22,100
23,98
24,98
25,98
26,99
27,99
28,99
29,98
30,98
31,98
32,98
33,99
34,98
35,98
36,100
37,100
38,98
39,98
40,99
41,98
42,98
43,99
44,98
45,98
46,99
47,99
48,98
49,-
Enrollment Number,Case Date
P053,2019-10-03
INDEX,SpO2
1,97
2,97
3,97
4,98
5,97
6,100
7,100
8,100
9,100
10,100
11,99
12,100
13,100
14,100
15,100
16,100
17,100
18,98
19,97
20,97
21,98
22,98
23,99
24,98
25,95
26,97
27,97
28,98
29,99
30,100
31,100
32,100
33,100
34,100
35,98
36,100
37,99
38,100
39,100
40,100
41,100
42,100
43,100
44,100
45,100
46,100
47,100
48,100
49,100
50,100
51,100
52,100
53,100
54,100
55,100
56,100
57,100
58,100
59,100
60,100
61,100
62,100
63,100
64,100
65,100
66,100
67,100
68,100
69,100
70,100
71,-
Enrollment Number,Case Date
P054,2019-10-03
INDEX,SpO2
1,-
2,-
3,-
4,-
5,-
6,-
7,-
8,-
9,-
10,-
11,-
12,-
13,98
14,98
15,95
16,99
17,99
18,99
19,99
20,100
21,100
22,100
23,100
24,100
25,99
26,99
27,99
28,99
29,99
30,98
31,99
32,99
33,99
34,99
35,99
36,99
37,100
38,100
39,100
40,100
41,99
42,100
43,100
44,100
45,100
46,100
47,100
48,100
49,-
Enrollment Number,Case Date
P055,2019-10-03
INDEX,SpO2
1,97
2,94
3,95
4,95
5,94
6,96
7,93
8,98
9,100
10,100
11,100
12,100
13,100
14,100
15,100
16,100
17,100
18,99
19,100
20,100
21,100
22,100
23,100
24,99
25,99
26,100
27,100
28,100
29,100
30,100
31,100
32,100
33,99
34,100
35,100
36,-
Enrollment Number,Case Date
P056,2019-10-08
INDEX,SpO2
1,-
2,-
3,-
4,95
5,96
6,96
7,97
8,99
9,99
10,99
11,99
12,100
13,99
14,99
15,99
16,99
17,99
18,98
19,99
20,98
21,98
22,98
23,98
24,98
25,98
26,99
27,99
28,99
29,99
30,99
31,98
32,99
33,99
34,99
35,99
36,99
37,99
38,99
39,99
40,99
41,99
42,99
43,99
44,99
45,99
46,99
47,99
48,99
49,99
50,99
51,99
52,99
53,99
54,99
55,99
56,99
57,99
58,99
59,99
60,99
61,99
62,99
63,99
64,99
65,99
66,99
67,99
68,99
69,99
70,98
71,99
72,99
73,98
74,99
75,99
76,99
77,99
78,98
79,99
80,99
81,99
82,98
83,99
84,99
85,99
86,99
87,99
88,98
89,97
90,99
91,99
92,99
93,99
94,99
95,99
96,99
97,99
98,99
99,99
100,99
101,99
102,99
103,99
104,99
105,99
106,99
107,99
108,99
109,99
110,99
111,98
112,99
113,99
114,99
115,99
116,99
117,99
118,99
119,99
120,99
121,99
122,99
123,99
124,99
125,99
126,99
127,99
128,99
129,99
130,99
131,99
132,99
133,100
134,99
135,99
136,99
137,99
138,99
139,99
140,99
141,99
Enrollment Number,Case Date
P057,2019-10-10
INDEX,SpO2
1,-
2,-
3,-
4,-
5,98
6,98
7,98
8,99
9,100
10,100
11,100
12,100
13,100
14,100
15,100
16,100
17,99
18,100
19,100
20,100
21,100
22,100
23,100
24,100
25,100
26,100
27,100
28,100
29,99
30,100
31,100
32,100
33,100
34,100
35,100
36,100
37,100
38,100
39,100
40,100
41,100
42,100
43,100
44,100
45,100
46,100
47,100
48,100
49,100
50,100
51,100
52,100
53,100
54,100
55,100
56,100
57,100
58,100
59,100
60,100
61,100
62,100
63,100
64,100
65,100
66,100
67,100
68,100
69,100
70,100
71,100
72,100
73,100
74,100
75,100
76,100
77,100
78,100
79,100
80,100
81,100
82,100
83,100
84,100
85,100
86,100
87,100
88,100
89,100
90,100
91,100
92,100
93,100
94,100
95,100
96,100
97,100
98,100
99,100
100,100
101,100
102,-
103,-
Enrollment Number,Case Date
P059,2019-10-16
INDEX,SpO2
1,-
2,-
3,-
4,-
5,91
6,98
7,96
8,99
9,100
10,100
11,100
12,100
13,100
14,100
15,100
16,100
17,100
18,100
19,100
20,100
21,100
22,100
23,100
24,100
25,100
26,100
27,100
28,100
29,100
30,99
31,98
32,99
33,99
34,99
35,99
36,100
37,99
38,100
39,100
40,100
41,100
42,99
43,99
44,99
45,99
46,99
47,99
48,99
49,99
50,99
51,99
52,99
53,100
54,100
55,100
56,100
57,100
58,100
59,100
60,99
61,99
62,99
63,100
64,100
65,100
66,100
67,100
68,100
69,100
70,100
71,100
72,99
73,99
74,100
75,100
76,100
77,99
78,99
79,99
80,99
81,100
82,99
83,100
84,100
85,99
86,100
87,99
88,99
89,100
90,100
91,99
92,100
93,99
94,100
95,100
96,100
97,99
98,100
99,99
100,100
101,100
102,100
103,100
104,100
105,100
106,100
107,99
108,100
109,99
110,100
111,99
112,100
113,99
114,99
115,99
116,99
117,100
118,100
119,100
120,100
121,99
122,100
123,99
124,99
125,100
126,100
127,100
128,100
129,100
130,100
131,100
132,100
133,100
134,100
135,100
136,100
137,100
138,100
139,100
140,100
141,100
142,100
143,100
144,100
145,100
146,100
147,100
148,100
149,100
150,100
151,100
152,100
153,100
154,100
155,100
156,100
157,100
158,100
159,100
160,100
161,100
162,100
163,100
164,100
165,100
166,100
167,100
168,100
169,100
170,100
171,100
172,100
173,100
174,100
175,100
176,100
177,100
178,100
179,100
180,100
181,100
182,100
183,100
184,100
185,100
186,100
187,-
188,-
189,-
190,-
191,-
Enrollment Number,Case Date
P060,2019-10-16
INDEX,SpO2
1,95
2,95
3,95
4,97
5,96
6,97
7,97
8,96
9,99
10,98
11,100
12,100
13,100
14,100
15,100
16,100
17,100
18,99
19,99
20,99
21,97
22,99
23,99
24,98
25,95
26,94
27,94
28,93
29,96
30,96
31,95
32,95
33,96
34,96
35,98
36,99
37,99
38,99
39,99
40,98
41,98
42,99
43,98
44,98
45,97
46,98
47,98
48,98
49,98
50,98
51,98
52,98
53,98
54,97
55,99
56,98
57,98
58,98
59,98
60,99
61,99
62,98
63,97
64,97
65,98
66,98
67,97
68,97
69,97
70,97
71,97
72,97
73,97
74,97
75,97
76,98
77,98
78,98
79,98
80,97
81,97
82,97
83,96
84,95
85,97
86,97
87,95
88,96
89,96
90,95
91,96
92,98
93,97
94,97
95,98
96,98
97,97
98,97
99,97
100,97
101,97
102,97
103,98
104,98
105,98
106,97
107,97
108,99
109,98
110,97
111,98
112,98
113,97
114,97
115,98
116,98
117,97
118,97
119,96
120,97
121,96
122,98
123,98
124,98
125,98
126,97
127,97
128,97
129,98
130,99
131,99
132,98
133,99
134,99
135,99
136,98
137,98
138,97
139,97
140,97
141,98
142,99
143,98
144,98
145,98
146,97
147,97
148,98
149,98
150,97
151,99
152,98
153,98
154,97
155,98
156,97
157,96
158,95
159,95
160,95
161,97
162,93
163,93
164,92
165,-
166,-
167,-
168,-
Enrollment Number,Case Date
P061,2019-10-17
INDEX,SpO2
1,-
2,-
3,-
4,-
5,-
6,-
7,-
8,100
9,100
10,100
11,100
12,100
13,99
14,98
15,98
16,98
17,98
18,99
19,98
20,85
21,90
22,86
23,100
24,100
25,100
26,100
27,100
28,100
29,100
30,100
31,100
32,100
33,100
34,100
35,100
36,100
37,100
38,100
39,100
40,100
41,100
42,100
43,100
44,100
45,99
46,100
47,100
48,100
49,100
50,100
51,94
52,-
53,-
54,-
55,-
56,-
Enrollment Number,Case Date
P062,2019-10-17
INDEX,SpO2
1,-
2,-
3,-
4,-
5,-
6,-
7,82
8,100
9,100
10,100
11,100
12,100
13,100
14,99
15,99
16,99
17,99
18,98
19,97
20,98
21,98
22,98
23,98
24,97
25,98
26,98
27,97
28,97
29,97
30,97
31,98
32,98
33,98
34,98
35,98
36,98
37,98
38,98
39,97
40,98
41,98
42,97
Enrollment Number,Case Date
P063,2019-10-21
INDEX,SpO2
1,-
2,-
3,-
4,-
5,-
6,-
7,97
8,99
9,100
10,100
11,100
12,100
13,100
14,99
15,98
16,98
17,98
18,98
19,99
20,99
21,98
22,97
23,97
24,96
25,97
26,97
27,97
28,96
29,98
30,99
31,99
32,100
33,99
34,100
35,99
36,99
37,99
38,100
39,100
40,100
41,100
42,100
43,100
44,100
45,100
46,100
47,100
48,100
49,100
50,100
51,100
52,100
53,100
54,100
55,100
56,100
57,100
58,100
59,100
60,100
61,100
62,100
63,100
64,100
65,100
66,100
67,-
Enrollment Number,Case Date
P064,2019-10-21
INDEX,SpO2
1,93
2,100
3,99
4,99
5,100
6,100
7,100
8,100
9,100
10,100
11,100
12,100
13,100
14,100
15,100
16,100
17,100
18,100
19,100
20,100
21,100
22,100
23,100
24,100
25,100
26,100
27,100
28,100
29,100
30,100
31,100
32,100
33,100
34,100
35,100
36,100
37,100
38,100
39,100
40,100
41,100
42,100
43,100
44,100
45,-
46,-
47,-
48,-
49,-
50,-
51,-
52,-
53,-
54,-
55,-
56,-
57,100
58,100
59,100
60,100
61,100
62,100
63,100
64,100
65,100
66,100
67,100
68,100
69,100
70,100
71,100
72,100
73,100
74,100
75,100
76,100
77,100
78,100
79,100
80,100
81,100
82,100
83,100
84,100
85,100
86,100
87,100
88,100
89,100
90,100
91,100
92,100
93,100
94,100
95,100
96,100
97,100
98,100
99,100
Enrollment Number,Case Date
P065,2019-10-23
INDEX,SpO2
1,98
2,98
3,98
4,98
5,98
6,98
7,98
8,97
9,98
10,97
11,98
12,99
13,100
14,100
15,100
16,100
17,99
18,99
19,99
20,99
21,99
22,99
23,99
24,99
25,99
26,99
27,99
28,100
29,99
30,99
31,100
32,100
33,100
34,99
35,100
36,99
37,100
38,100
39,100
40,100
41,100
42,100
43,100
44,100
45,100
46,99
47,100
48,100
49,99
50,100
51,100
52,100
53,100
54,100
55,99
56,99
57,98
58,99
59,100
60,100
61,99
62,99
63,97
64,98
65,97
66,95
67,98
68,99
69,99
70,99
71,98
72,98
73,99
74,98
75,97
76,95
77,94
78,96
79,95
80,96
81,96
82,95
83,95
84,95
85,95
86,96
87,97
88,98
89,98
90,97
91,98
92,97
93,97
94,98
95,98
96,97
97,97
98,97
99,98
100,98
101,97
102,97
103,96
104,96
105,97
106,97
107,96
108,96
109,97
110,97
111,97
112,97
113,98
114,98
115,97
116,97
117,97
118,96
119,96
120,97
121,95
122,96
123,97
124,97
125,97
126,97
127,97
128,97
129,99
130,98
131,99
132,99
133,99
134,99
135,99
136,97
137,96
138,96
139,95
140,97
141,98
142,98
143,99
144,99
145,99
146,99
147,96
148,97
149,98
150,98
151,99
152,98
153,99
154,99
155,100
156,99
157,99
158,98
159,98
160,98
161,98
162,98
163,99
164,99
165,99
166,100
167,99
168,99
169,99
170,100
171,100
172,99
173,99
174,99
175,99
176,99
177,99
178,100
179,99
180,99
181,99
182,99
183,99
184,-
185,-
186,-
187,-
Enrollment Number,Case Date
P066,2019-10-24
INDEX,SpO2
1,-
2,-
3,-
4,-
5,-
6,-
7,100
8,100
9,99
10,100
11,100
12,100
13,100
14,100
15,100
16,100
17,100
18,100
19,100
20,100
21,100
22,100
23,99
24,100
25,100
26,100
27,99
28,100
29,100
30,99
31,100
32,99
33,100
34,100
35,-
Enrollment Number,Case Date
P067,2019-10-24
INDEX,SpO2
1,-
2,-
3,-
4,-
5,-
6,-
7,-
8,96
9,96
10,96
11,94
12,96
13,97
14,97
15,97
16,100
17,100
18,100
19,100
20,99
21,99
22,100
23,100
24,100
25,100
26,100
27,100
28,100
29,100
30,100
31,100
32,100
33,100
34,100
35,100
36,99
37,99
38,100
39,100
40,100
41,100
42,100
43,100
44,100
45,100
46,99
47,100
48,100
49,99
50,100
51,100
52,100
53,100
54,100
55,100
56,100
57,100
58,100
59,100
60,100
61,100
62,100
63,99
64,99
65,100
66,100
67,100
68,100
69,100
70,100
71,100
72,100
73,99
74,100
75,100
76,100
77,100
78,100
79,100
80,100
81,100
82,100
83,100
84,100
85,100
86,100
87,100
88,100
89,100
90,99
91,100
92,100
93,100
94,100
95,100
96,100
97,100
98,100
99,100
100,100
101,100
102,100
103,100
104,100
105,100
106,100
107,100
108,100
109,100
110,100
111,100
112,99
113,98
114,99
115,99
116,99
117,100
118,100
119,99
120,100
121,99
Enrollment Number,Case Date
P068,2019-11-04
INDEX,SpO2
1,97
2,98
3,98
4,99
5,98
6,100
7,100
8,100
9,100
10,100
11,100
12,100
13,100
14,100
15,100
16,100
17,100
18,100
19,100
20,100
21,100
22,100
23,100
24,100
25,100
26,100
27,100
28,100
29,100
30,100
31,100
32,100
33,100
34,100
35,100
36,100
37,100
38,100
39,100
40,100
41,100
42,100
43,100
44,100
45,100
46,100
47,100
48,100
49,100
50,100
51,100
52,100
53,100
54,100
55,100
56,100
57,100
58,100
59,100
60,100
61,100
62,100
63,100
64,100
65,100
66,100
67,100
68,100
69,100
70,100
71,100
72,100
73,100
74,100
75,100
76,100
77,100
78,100
79,100
80,100
81,100
82,100
83,100
84,100
85,100
86,100
87,100
88,100
89,100
90,100
91,100
92,100
93,100
94,100
95,100
96,100
97,100
98,100
99,100
100,100
101,100
102,100
103,100
104,100
105,100
106,100
107,100
108,100
109,100
110,100
111,100
112,100
113,100
114,100
115,100
116,100
117,100
118,100
119,100
120,100
121,100
122,100
123,100
124,100
125,100
126,100
127,100
128,100
129,100
130,100
131,99
132,100
133,100
134,99
135,99
136,99
137,98
138,-
139,-
140,-
Enrollment Number,Case Date
P069,2019-11-05
INDEX,SpO2
1,-
2,-
3,-
4,-
5,97
6,99
7,99
8,99
9,99
10,100
11,99
12,100
13,99
14,98
15,99
16,99
17,99
18,99
19,98
20,99
21,99
22,97
23,98
24,99
25,100
26,100
27,99
28,99
29,97
30,98
31,97
32,98
33,97
34,97
35,97
36,95
37,95
38,96
39,95
40,96
41,96
42,96
43,97
44,95
45,97
46,99
47,99
48,99
49,97
50,98
51,99
52,99
53,98
54,96
55,98
56,98
57,98
58,98
59,98
60,97
61,97
62,98
63,97
64,98
65,98
66,98
67,98
68,97
69,98
70,99
71,98
72,98
73,98
74,98
75,97
76,97
77,98
78,98
79,98
80,98
81,98
82,97
83,98
84,98
85,99
86,99
87,98
88,99
89,99
90,99
91,99
92,99
93,100
94,99
95,99
96,99
97,99
98,99
99,99
100,99
101,99
102,99
103,100
104,99
105,99
106,99
107,99
108,99
109,99
110,99
111,99
112,98
113,98
114,99
115,99
116,99
117,99
118,99
119,98
120,98
121,99
122,99
123,99
124,99
125,99
126,99
127,99
128,99
129,99
130,99
131,99
132,99
133,99
134,99
135,99
136,99
137,99
138,99
139,99
140,99
141,99
142,99
143,99
144,99
145,99
146,99
147,99
148,99
149,99
150,99
151,99
152,99
153,99
154,99
155,99
156,99
157,99
158,99
159,99
160,99
161,98
162,99
163,-
164,-
Enrollment Number,Case Date
P070,2019-11-06
INDEX,SpO2
1,-
2,-
3,-
4,-
5,-
6,94
7,100
8,100
9,100
10,100
11,100
12,100
13,100
14,100
15,100
16,100
17,100
18,100
19,100
20,100
21,100
22,100
23,100
24,100
25,100
26,100
27,100
28,100
29,100
30,100
31,100
32,100
33,100
34,100
35,100
36,100
37,100
38,100
39,100
40,100
41,100
42,100
43,100
44,100
45,100
46,100
47,100
48,100
49,100
50,100
51,100
52,100
53,100
54,100
55,100
56,100
57,100
58,100
59,100
60,100
61,100
62,100
63,100
64,100
65,100
66,100
67,100
68,100
69,100
70,100
71,100
72,100
73,100
74,100
75,100
76,100
77,100
78,100
79,100
80,100
81,100
82,100
83,100
84,100
85,100
86,100
87,100
88,100
89,100
90,100
91,100
92,100
93,100
94,100
95,100
96,100
97,100
98,100
99,100
100,100
101,100
102,100
103,100
104,100
105,100
106,100
107,100
108,100
109,100
110,100
111,100
112,100
113,100
114,100
115,100
116,100
117,100
118,100
119,100
120,100
121,100
122,100
123,100
124,100
125,100
126,100
127,100
128,100
129,100
130,100
131,100
132,100
133,100
134,100
135,100
136,100
137,100
138,100
139,100
140,100
141,100
142,100
143,100
144,100
145,100
146,100
147,100
148,100
149,100
150,100
151,100
152,100
153,100
154,100
155,100
156,100
157,100
158,100
159,100
160,100
161,100
162,100
163,100
164,100
165,100
166,100
167,100
168,100
169,100
170,100
171,100
172,98
173,99
174,-
175,-
176,-
Enrollment Number,Case Date
P071,2019-11-07
INDEX,SpO2
1,98
2,98
3,98
4,98
5,96
6,99
7,98
8,100
9,99
10,98
11,99
12,100
13,100
14,99
15,99
16,99
17,99
18,98
19,100
20,99
21,99
22,99
23,100
24,99
25,99
26,100
27,100
28,100
29,100
30,100
31,100
32,100
33,100
34,99
35,99
36,99
37,99
38,99
39,99
40,99
41,99
42,100
43,100
44,100
45,100
46,100
47,100
48,100
49,100
50,100
51,100
52,100
53,100
54,100
55,100
56,100
57,100
58,100
59,100
60,100
61,100
62,100
63,100
64,100
65,100
66,100
67,100
68,100
69,100
70,100
71,100
72,100
73,100
74,100
75,100
76,100
77,100
78,100
79,100
80,100
81,100
82,100
83,100
84,100
85,100
86,100
87,100
88,100
89,100
90,100
91,100
92,100
93,100
94,100
95,100
96,100
97,100
98,100
99,100
100,100
101,100
102,100
103,100
104,100
105,100
106,100
107,-
108,-
Enrollment Number,Case Date
P072,2019-11-14
INDEX,SpO2
1,-
2,-
3,-
4,-
5,-
6,-
7,-
8,-
9,-
10,-
11,-
12,-
13,-
14,-
15,-
16,-
17,-
18,-
19,-
20,-
21,88
22,89
23,90
24,87
25,91
26,94
27,95
28,95
29,95
30,96
31,96
32,96
33,96
34,96
35,97
36,97
37,96
38,97
39,95
40,95
41,100
42,96
43,98
44,96
45,95
46,95
47,95
48,94
49,95
50,96
51,95
52,94
53,94
54,94
55,94
56,93
57,97
58,96
59,96
60,95
61,95
62,95
63,96
64,96
65,96
66,96
67,96
68,96
69,96
70,95
71,95
72,95
73,95
74,95
75,95
76,96
77,95
78,95
79,95
80,97
81,96
82,96
83,97
84,95
85,97
86,96
87,97
88,96
89,96
90,96
91,96
92,94
93,95
94,95
95,95
96,94
97,95
98,95
99,94
100,94
101,95
102,94
103,94
104,95
105,95
106,94
107,95
108,95
109,94
110,95
111,95
112,94
113,96
114,95
115,95
116,94
117,95
118,95
119,94
120,94
121,94
122,95
123,95
124,95
125,95
126,95
127,94
128,94
129,94
130,94
131,94
132,94
133,94
134,94
135,94
136,94
137,95
138,95
139,95
140,95
141,94
142,95
143,94
144,94
145,94
146,94
147,94
148,94
149,94
150,94
151,94
152,95
153,94
154,95
155,96
156,96
157,95
158,96
159,95
160,96
161,96
162,96
163,95
164,-
165,-
166,-
167,-
168,-
169,-
170,-
Enrollment Number,Case Date
P073,2019-11-14
INDEX,SpO2
1,-
2,-
3,95
4,96
5,96
6,96
7,97
8,97
9,97
10,99
11,99
12,99
13,98
14,98
15,99
16,100
17,96
18,98
19,98
20,98
21,98
22,98
23,98
24,99
25,98
26,98
27,98
28,98
29,98
30,98
31,99
32,99
33,98
34,98
35,98
36,98
37,98
38,98
39,99
Enrollment Number,Case Date
P074,2019-11-18
INDEX,SpO2
1,98
2,98
3,99
4,98
5,100
6,100
7,100
8,100
9,100
10,99
11,99
12,97
13,98
14,98
15,98
16,98
17,98
18,99
19,98
20,99
21,99
22,99
23,99
24,99
25,99
26,99
27,98
28,98
29,99
30,99
31,99
32,99
33,99
34,99
35,99
36,98
37,99
38,99
39,99
40,99
41,99
42,99
43,98
44,99
45,99
46,99
47,99
48,99
49,99
50,99
51,99
52,99
53,99
54,99
55,99
56,99
57,99
58,99
59,98
60,99
61,99
62,98
63,99
64,99
65,99
66,99
67,99
68,99
69,99
70,100
71,-
72,-
Enrollment Number,Case Date
P075,2019-11-18
INDEX,SpO2
1,-
2,-
3,-
4,-
5,-
6,-
7,-
8,-
9,95
10,93
11,94
12,99
13,100
14,99
15,99
16,98
17,99
18,100
19,99
20,99
21,99
22,100
23,99
24,99
25,99
26,99
27,99
28,99
29,100
30,99
31,99
32,99
33,100
34,100
35,99
36,100
37,100
38,100
39,100
40,99
41,100
42,100
43,100
44,100
45,100
46,99
47,99
48,99
49,99
50,100
51,100
52,100
53,99
54,100
Enrollment Number,Case Date
P076,2019-11-19
INDEX,SpO2
1,-
2,-
3,-
4,-
5,-
6,-
7,-
8,-
9,-
10,98
11,98
12,100
13,100
14,100
15,100
16,100
17,100
18,100
19,100
20,100
21,100
22,100
23,100
24,100
25,100
26,100
27,100
28,100
29,100
30,100
31,100
32,100
33,100
34,100
35,100
36,100
37,100
38,100
39,100
40,100
41,100
42,100
43,100
44,100
45,100
46,100
47,100
48,100
49,100
50,100
51,100
52,100
53,100
54,100
55,100
56,100
57,100
58,100
59,100
60,100
61,100
62,100
63,100
64,100
65,100
66,100
67,100
68,100
69,100
70,100
71,100
72,100
73,100
74,100
75,100
76,100
77,100
78,100
79,100
80,100
81,100
82,100
83,100
84,100
85,100
86,100
87,100
88,100
89,100
90,99
91,100
92,100
93,100
94,100
95,98
96,100
97,100
98,100
99,100
100,100
101,99
102,99
103,99
104,99
105,99
106,99
107,99
108,99
109,99
110,99
111,99
112,99
113,99
114,99
115,99
116,99
117,99
118,99
119,99
120,99
121,100
122,99
123,99
124,99
125,99
126,99
127,99
128,99
129,99
130,99
131,99
132,99
133,99
134,99
135,99
136,99
137,99
138,99
139,99
140,99
141,99
142,99
143,99
144,99
145,99
146,99
147,99
148,99
149,99
150,99
151,100
152,100
153,100
154,100
155,100
156,100
157,100
158,100
159,100
160,100
161,100
162,100
163,100
164,100
165,100
166,100
167,100
168,100
169,100
170,100
171,100
172,100
173,100
174,100
175,100
176,100
177,100
178,99
179,99
180,99
181,99
182,99
183,-
Enrollment Number,Case Date
P077,2019-11-20
INDEX,SpO2
1,-
2,-
3,95
4,95
5,97
6,100
7,100
8,99
9,99
10,100
11,100
12,100
13,99
14,99
15,100
16,99
17,99
18,99
19,98
20,98
21,99
22,99
23,99
24,99
25,99
26,99
27,99
28,99
29,99
30,99
31,99
32,99
33,99
34,99
35,99
36,98
37,100
38,98
39,99
40,98
41,99
42,98
43,98
44,99
45,98
46,98
47,98
48,99
49,99
50,98
51,99
52,99
53,99
54,98
55,99
56,99
57,99
58,99
59,99
60,99
61,99
62,98
63,98
64,98
65,98
66,98
67,99
68,99
69,97
70,98
71,97
72,97
73,97
74,96
75,96
76,97
77,97
78,97
79,97
80,97
81,97
82,97
83,97
84,97
85,97
86,97
87,97
88,97
89,97
90,97
91,98
92,97
93,97
94,97
95,97
96,97
97,97
98,97
99,97
100,97
101,98
102,96
103,98
104,96
105,97
106,97
107,97
108,97
109,98
110,98
111,97
112,97
113,97
114,97
115,97
116,97
117,96
118,96
119,97
120,96
121,96
122,96
123,95
124,96
125,96
126,97
127,97
128,96
129,96
130,97
131,96
132,96
133,96
134,97
135,96
136,96
137,96
138,96
139,96
140,96
141,96
142,97
143,96
144,97
145,96
146,96
147,96
148,97
149,97
150,96
151,96
152,97
153,97
154,97
155,97
156,97
157,97
158,97
159,97
160,97
161,98
162,97
163,97
164,97
165,97
166,97
167,98
168,97
Enrollment Number,Case Date
P078,2019-11-20
INDEX,SpO2
1,99
2,96
3,94
4,97
5,99
6,99
7,98
8,100
9,100
10,100
11,100
12,100
13,100
14,100
15,100
16,100
17,100
18,100
19,100
20,100
21,100
22,100
23,100
24,100
25,100
26,100
27,100
28,100
29,100
30,100
31,99
32,100
33,100
34,100
35,100
36,100
37,100
38,100
39,100
40,100
41,100
42,100
43,99
44,99
45,99
46,99
47,98
48,97
49,98
50,99
51,99
52,99
53,99
54,99
55,98
56,98
57,98
58,99
59,98
60,99
61,99
62,99
63,99
64,99
65,99
66,99
67,99
68,99
69,99
70,99
71,99
72,99
73,99
74,99
75,99
76,99
77,99
78,100
79,100
80,100
81,100
82,99
83,99
84,99
85,99
86,99
87,-
88,89
89,100
90,100
91,100
92,100
93,100
94,100
95,100
96,100
97,100
98,100
99,100
100,100
101,100
102,100
103,100
104,100
105,100
106,100
107,99
108,100
109,100
110,100
111,100
112,100
113,100
114,100
115,100
116,100
117,100
118,100
119,100
120,100
121,100
122,100
123,100
124,100
125,100
126,100
127,100
128,100
129,100
130,100
131,100
132,99
133,98
134,98
135,98
136,98
137,99
138,98
139,99
140,99
141,99
142,99
143,100
144,100
145,100
146,100
147,100
148,100
149,100
150,100
151,100
152,100
153,100
154,100
155,100
156,100
157,100
158,100
159,100
160,100
161,100
162,100
163,99
164,99
Enrollment Number,Case Date
P079,2019-11-21
INDEX,SpO2
1,-
2,-
3,-
4,-
5,-
6,-
7,-
8,-
9,-
10,-
11,-
12,-
13,-
14,-
15,-
16,-
17,-
18,-
19,99
20,98
21,100
22,100
23,100
24,100
25,100
26,100
27,100
28,100
29,100
30,100
31,100
32,100
33,100
34,100
35,100
36,100
37,100
38,100
39,100
40,99
41,99
42,99
43,99
44,99
45,99
46,99
47,99
48,99
49,99
50,100
51,100
52,100
53,100
54,99
55,99
56,100
57,99
58,99
59,99
60,99
61,99
62,99
63,99
64,99
65,99
66,99
67,99
68,99
69,99
70,99
71,99
72,99
73,99
74,99
75,99
76,99
77,100
78,100
79,-
Enrollment Number,Case Date
P080,2019-11-21
INDEX,SpO2
1,-
2,-
3,-
4,-
5,-
6,-
7,96
8,96
9,99
10,99
11,100
12,100
13,100
14,100
15,100
16,100
17,100
18,100
19,100
20,100
21,100
22,100
23,100
24,100
25,100
26,100
27,100
28,100
29,100
30,100
31,100
32,100
33,100
34,100
35,100
36,100
37,100
38,100
39,100
40,100
41,100
42,100
43,100
44,100
45,100
46,100
47,100
48,100
49,100
50,100
51,100
52,100
53,100
54,100
55,100
56,100
57,100
58,100
59,100
60,100
61,100
62,100
63,100
64,100
65,100
66,100
67,100
68,100
69,100
70,100
71,100
72,100
73,100
74,100
75,100
76,100
77,100
78,100
79,100
80,100
81,100
82,100
83,100
84,100
85,100
Enrollment Number,Case Date
P081,2019-11-26
INDEX,SpO2
1,-
2,-
3,97
4,100
5,100
6,99
7,100
8,99
9,95
10,98
11,99
12,98
13,99
14,95
15,96
16,94
17,98
18,100
19,100
20,94
21,100
22,96
23,98
24,100
25,100
26,100
27,100
28,100
29,100
30,100
31,100
32,100
33,100
34,100
35,100
36,100
37,100
38,100
39,100
40,100
41,100
42,100
43,100
44,100
45,100
46,100
47,100
48,100
49,100
50,100
51,100
52,100
53,100
54,100
55,100
56,100
57,100
58,100
59,100
60,100
61,100
62,100
63,100
64,100
65,100
66,100
67,100
68,100
69,100
70,97
71,100
72,100
73,100
74,100
75,100
76,100
77,100
78,100
79,100
80,100
81,100
82,100
83,100
84,100
85,100
86,100
87,100
88,100
89,100
90,100
91,100
92,100
93,100
94,100
95,100
96,100
97,99
98,100
99,100
100,100
101,100
102,100
103,100
104,100
105,100
106,100
107,100
108,100
109,100
110,100
111,100
112,100
113,100
114,100
115,100
116,100
117,100
118,100
119,100
120,100
121,100
122,100
123,100
124,-
Enrollment Number,Case Date
P082,2019-11-28
INDEX,SpO2
1,-
2,-
3,-
4,-
5,-
6,-
7,-
8,-
9,-
10,-
11,-
12,83
13,99
14,97
15,98
16,98
17,100
18,99
19,99
20,100
21,100
22,100
23,100
24,100
25,100
26,100
27,100
28,100
29,100
30,100
31,100
32,100
33,100
34,100
35,100
36,100
37,100
38,100
39,100
40,100
41,100
42,100
43,100
44,100
45,100
46,100
47,100
48,100
49,100
50,100
51,100
52,100
53,100
54,100
55,100
56,100
57,100
58,100
59,-
Enrollment Number,Case Date
P083,2019-11-28
INDEX,SpO2
1,-
2,-
3,99
4,100
5,84
6,100
7,-
8,100
9,100
10,100
11,100
12,100
13,100
14,100
15,100
16,100
17,96
18,99
19,100
20,99
21,98
22,100
23,100
24,100
25,100
26,100
27,100
28,100
29,100
30,100
31,100
32,100
33,100
34,100
35,100
36,100
37,100
38,100
39,100
40,100
41,100
42,100
43,100
44,100
45,100
46,100
47,-
48,-
49,-
Enrollment Number,Case Date
P085,2019-12-02
INDEX,SpO2
1,-
2,-
3,-
4,-
5,-
6,-
7,-
8,-
9,-
10,-
11,-
12,99
13,97
14,98
15,98
16,100
17,100
18,100
19,100
20,100
21,100
22,100
23,100
24,99
25,99
26,99
27,98
28,99
29,99
30,99
31,100
32,100
33,100
34,100
35,100
36,100
37,100
38,100
39,100
40,99
41,100
42,100
43,100
44,100
45,100
46,100
47,100
48,100
49,100
50,100
51,100
52,100
53,100
54,100
55,100
56,100
57,100
58,100
59,100
60,100
61,100
62,100
63,100
64,-
Enrollment Number,Case Date
P086,2019-12-09
INDEX,SpO2
1,94
2,98
3,100
4,100
5,100
6,100
7,100
8,100
9,100
10,100
11,100
12,100
13,100
14,100
15,100
16,100
17,100
18,100
19,100
20,100
21,100
22,100
23,100
24,100
25,100
26,100
27,100
28,100
29,100
30,100
31,100
32,100
33,100
34,100
35,100
36,100
37,100
38,100
39,100
40,100
41,100
42,100
43,100
44,100
45,100
46,100
47,100
48,100
49,100
50,100
51,100
52,100
53,100
54,100
55,100
56,100
57,100
58,100
59,100
60,100
61,100
62,100
63,100
64,100
65,99
66,100
67,100
68,100
69,100
70,100
71,100
72,100
73,100
74,100
75,100
76,100
77,100
78,100
79,100
80,100
81,100
82,100
83,100
84,100
85,100
86,100
87,100
88,100
89,100
90,100
91,100
92,-
93,-
Enrollment Number,Case Date
P087,2019-12-09
INDEX,SpO2
1,100
2,100
3,100
4,100
5,100
6,100
7,100
8,100
9,100
10,100
11,100
12,100
13,100
14,100
15,100
16,100
17,100
18,100
19,100
20,100
21,100
22,100
23,100
24,100
25,100
26,100
27,100
28,100
29,100
30,100
31,100
32,100
33,100
34,100
35,100
36,100
37,100
38,100
39,100
40,100
41,100
42,100
43,100
44,100
45,100
46,100
47,100
48,100
49,100
50,100
51,100
52,100
Enrollment Number,Case Date
P088,2019-12-10
INDEX,SpO2
1,98
2,98
3,98
4,100
5,100
6,100
7,100
8,100
9,100
10,100
11,100
12,100
13,100
14,99
15,100
16,100
17,100
18,100
19,100
20,100
21,99
22,99
23,100
24,100
25,99
26,100
27,99
28,100
29,100
30,99
31,99
32,99
33,99
34,99
35,99
36,99
37,100
38,99
39,100
40,99
41,100
42,99
43,100
44,99
45,100
46,100
47,99
48,97
49,99
50,99
51,99
52,100
53,100
54,100
55,100
56,100
57,100
58,100
59,100
60,100
61,100
62,100
63,100
64,100
65,100
66,100
67,100
68,100
69,100
70,100
71,99
72,100
73,99
74,100
75,100
76,100
77,100
78,100
79,100
80,100
81,100
82,99
83,99
84,99
85,99
86,100
87,100
88,100
89,100
90,100
91,100
92,100
93,100
94,100
95,100
96,99
97,99
98,99
99,100
100,100
101,99
102,100
103,100
104,100
105,100
106,100
107,100
108,100
109,100
110,100
111,100
112,100
113,100
114,99
115,99
116,100
117,100
118,100
119,100
120,99
121,99
122,100
123,-
124,-
125,-
126,-
127,-
128,-
Enrollment Number,Case Date
P089,2019-12-11
INDEX,SpO2
1,-
2,-
3,-
4,-
5,-
6,-
7,-
8,-
9,-
10,-
11,-
12,-
13,-
14,95
15,97
16,99
17,99
18,99
19,98
20,98
21,98
22,99
23,99
24,99
25,99
26,100
27,100
28,99
29,99
30,100
31,98
32,99
33,97
34,99
35,98
36,98
37,98
38,98
39,99
40,98
41,99
42,97
43,99
44,98
45,97
46,98
47,98
48,99
49,99
50,100
51,98
52,99
53,98
54,98
55,98
56,99
57,98
58,98
59,99
60,99
61,99
62,98
63,99
64,98
65,99
66,99
67,98
68,99
69,99
70,99
71,99
72,99
73,99
74,100
75,100
76,100
77,99
78,99
79,100
80,99
81,100
82,100
83,100
84,100
85,99
86,98
87,98
88,99
89,99
90,98
91,99
92,99
93,99
94,99
95,99
96,99
97,99
98,99
99,99
100,99
101,99
102,100
103,99
104,100
105,100
106,97
107,100
108,100
109,99
110,100
111,94
112,99
113,99
114,99
115,98
116,99
117,99
118,99
119,99
120,100
121,99
122,100
123,98
124,99
125,99
126,99
127,98
128,98
129,97
130,98
131,98
132,98
133,98
134,98
135,98
136,98
137,98
138,98
139,98
140,99
141,99
142,99
143,99
144,99
145,98
146,99
147,97
148,98
149,99
150,99
151,100
152,100
153,99
154,100
155,100
156,99
157,100
158,100
159,99
160,100
161,99
162,99
163,99
164,99
165,99
166,99
167,99
168,99
169,99
170,99
171,99
172,99
173,99
Enrollment Number,Case Date
P090,2019-12-12
INDEX,SpO2
1,98
2,95
3,96
4,96
5,97
6,100
7,100
8,100
9,100
10,100
11,100
12,100
13,98
14,98
15,100
16,100
17,99
18,97
19,94
20,80
21,100
22,99
23,96
24,97
25,97
26,96
27,95
28,94
29,-
30,-
31,-
32,-
Enrollment Number,Case Date
P091,2019-12-12
INDEX,SpO2
1,96
2,100
3,100
4,100
5,100
6,100
7,100
8,100
9,100
10,100
11,100
12,100
13,100
14,100
15,100
16,100
17,100
18,100
19,100
20,100
21,100
22,100
23,100
24,100
25,100
26,100
27,100
28,100
29,100
30,100
31,100
32,100
33,100
34,100
35,100
36,100
37,100
38,100
39,100
40,100
41,100
42,100
43,100
44,100
45,100
46,100
47,100
48,100
49,100
50,100
51,100
52,100
53,100
54,100
55,100
56,100
57,100
58,100
59,100
60,100
61,100
62,100
63,100
64,100
65,-
66,-
67,-
68,-
69,-
70,-
71,-
72,-
73,-
74,-
75,-
76,-
77,-
78,-
79,-
80,-
81,-
82,-
83,-
84,-
85,-
86,-
87,-
88,-
89,-
90,-
91,-
92,-
93,-
94,-
95,-
96,-
97,-
98,-
99,-
100,-
101,-
Enrollment Number,Case Date
P092,2019-12-12
INDEX,SpO2
1,98
2,98
3,95
4,95
5,97
6,97
7,98
8,98
9,98
10,98
11,98
12,98
13,98
14,98
15,98
16,98
17,98
18,98
19,98
20,99
21,98
22,98
23,98
24,98
25,98
26,98
27,99
28,99
29,99
30,98
31,97
32,-
33,-
34,-
35,-
36,-
37,-
38,-
39,-
40,-
41,-
42,-
43,-
44,-
45,-
46,-
47,-
48,-
49,-
50,-
51,-
52,-
53,-
54,-
55,-
56,-
57,-
58,-
59,-
60,-
61,-
62,-
63,-
64,-
65,-
66,-
67,-
68,-
69,-
70,-
71,-
72,-
73,-
74,-
75,-
76,-
77,-
78,-
79,-
80,-
81,-
82,-
83,-
84,-
85,-
86,-
87,-
88,-
89,-
90,-
91,-
92,-
93,-
94,-
95,-
96,-
97,-
98,-
99,-
100,-
101,-
102,-
103,-
104,-
105,-
106,-
107,-
108,-
109,-
110,-
111,-
112,-
113,-
114,-
115,-
116,-
117,-
118,-
119,-
120,-
121,-
122,-
123,-
124,-
125,-
126,-
127,-
128,-
129,-
130,-
131,-
132,-
133,-
134,-
135,-
136,-
137,-
138,-
139,-
140,-
141,-
142,-
143,-
144,-
145,-
146,-
147,-
148,87
149,97
150,97
151,98
152,98
153,99
154,100
155,100
156,100
157,100
Enrollment Number,Case Date
P093,2019-12-16
INDEX,SpO2
1,-
2,67
3,80
4,96
5,100
6,100
7,100
8,99
9,97
10,98
11,98
12,99
13,97
14,99
15,99
16,77
17,99
18,99
19,99
20,99
21,98
22,99
23,99
24,98
25,98
26,97
27,97
28,98
29,97
30,97
31,97
32,97
33,97
34,96
35,97
36,97
37,95
38,97
39,96
40,97
41,98
42,98
43,98
44,97
45,97
46,96
47,96
48,95
49,96
50,95
51,95
52,93
Enrollment Number,Case Date
P094,2019-12-16
INDEX,SpO2
1,91
2,93
3,100
4,100
5,100
6,100
7,99
8,100
9,100
10,98
11,94
12,98
13,100
14,100
15,100
16,100
17,100
18,100
19,100
20,100
21,100
22,100
23,100
24,100
25,100
26,100
27,100
28,100
29,100
30,100
31,100
32,100
33,100
34,100
35,100
36,100
37,100
38,100
39,100
40,100
41,100
42,100
43,100
44,100
45,100
46,100
47,100
48,100
49,100
50,100
51,100
52,100
53,100
54,100
55,99
56,-
Enrollment Number,Case Date
P095,2019-12-16
INDEX,SpO2
1,-
2,-
3,-
4,-
5,-
6,-
7,100
8,98
9,100
10,100
11,100
12,100
13,100
14,100
15,99
16,100
17,100
18,99
19,100
20,100
21,100
22,100
23,100
24,100
25,99
26,100
27,100
28,80
29,100
30,100
31,100
32,100
33,100
34,99
35,100
36,100
37,100
38,99
39,99
40,100
41,100
42,100
43,100
44,100
45,99
46,100
47,100
48,98
49,99
50,99
51,99
52,99
53,99
54,98
55,98
56,99
57,99
58,99
59,98
60,99
61,99
62,99
63,99
64,99
65,98
66,99
67,99
68,98
69,97
70,97
71,96
72,97
73,95
74,97
75,97
76,98
77,98
78,98
79,97
80,98
81,98
82,99
83,98
84,99
85,98
86,98
87,99
88,97
Enrollment Number,Case Date
P096,2019-12-16
INDEX,SpO2
1,85
2,95
3,96
4,99
5,100
6,100
7,100
8,100
9,100
10,100
11,100
12,100
13,100
14,100
15,100
16,98
17,99
18,98
19,98
20,99
21,96
22,94
23,95
24,96
25,98
26,98
27,98
28,99
29,99
30,99
31,99
32,99
33,99
34,99
35,99
36,99
37,99
38,99
39,99
40,99
41,100
42,99
43,99
44,98
45,97
46,98
47,99
48,99
49,99
50,100
51,99
52,100
53,100
54,99
55,99
56,99
57,100
58,99
59,99
60,90
61,97
62,96
63,97
64,98
65,97
66,98
67,98
68,98
69,98
70,99
71,98
72,98
73,98
74,98
75,98
76,98
77,98
78,98
79,99
80,99
81,99
82,99
83,98
84,98
85,96
86,98
87,98
88,98
89,98
90,99
91,99
92,99
93,99
94,99
95,99
96,99
97,99
98,99
99,98
100,97
101,97
102,98
103,98
104,98
105,98
106,99
107,99
108,98
109,98
110,97
111,98
112,98
113,98
114,98
115,98
116,98
117,98
118,98
119,98
120,98
121,98
122,99
123,99
124,98
125,98
126,98
127,98
128,98
129,98
130,98
131,97
132,91
133,94
134,94
135,94
136,93
137,95
138,95
139,87
140,92
141,92
142,88
143,100
144,99
145,99
146,100
147,99
148,100
149,100
150,100
151,97
152,100
153,-
154,-
Enrollment Number,Case Date
P097,2019-12-19
INDEX,SpO2
1,88
2,99
3,99
4,100
5,100
6,100
7,100
8,100
9,100
10,100
11,100
12,100
13,100
14,100
15,100
16,100
17,100
18,100
19,100
20,100
21,100
22,99
23,99
24,99
25,100
26,100
27,100
28,100
29,99
30,99
31,99
32,99
33,99
34,99
35,98
36,100
37,99
38,99
39,99
40,99
41,100
42,99
43,99
44,99
45,99
46,99
47,99
48,99
49,98
50,99
51,99
52,99
53,97
54,100
Enrollment Number,Case Date
P098,2020-01-07
INDEX,SpO2
1,-
2,-
3,-
4,-
5,-
6,-
7,-
8,-
9,-
10,-
11,-
12,-
13,-
14,-
15,-
16,-
17,-
18,-
19,-
20,-
21,-
22,-
23,95
24,97
25,98
26,99
27,100
28,100
29,100
30,100
31,100
32,100
33,100
34,100
35,100
36,100
37,100
38,100
39,100
40,100
41,100
42,100
43,100
44,99
45,99
46,98
47,99
48,99
49,98
50,-
51,-
Enrollment Number,Case Date
P099,2020-01-07
INDEX,SpO2
1,-
2,-
3,-
4,-
5,-
6,-
7,-
8,-
9,-
10,-
11,-
12,-
13,-
14,-
15,-
16,-
17,98
18,98
19,98
20,100
21,100
22,100
23,100
24,100
25,100
26,100
27,100
28,100
29,100
30,100
31,100
32,100
33,100
34,100
35,100
36,100
37,100
38,100
39,100
40,100
41,100
42,100
43,100
44,100
45,100
46,100
47,100
48,100
49,100
50,100
51,100
52,100
53,100
54,100
55,100
56,99
57,100
58,100
59,100
60,100
61,100
62,100
63,100
64,100
65,100
66,100
67,100
68,100
69,100
70,100
71,100
72,100
73,100
74,100
75,100
76,100
77,100
78,100
79,100
80,100
81,100
82,100
83,100
84,100
85,100
86,100
87,100
88,100
89,100
90,100
91,100
92,100
93,100
94,100
95,100
96,100
97,100
98,100
99,100
100,100
101,100
102,100
103,79
104,-
Enrollment Number,Case Date
P100,2020-01-07
INDEX,SpO2
1,97
2,97
3,98
4,98
5,97
6,96
7,97
8,96
9,96
10,95
11,98
12,100
13,100
14,100
15,100
16,100
17,100
18,100
19,100
20,100
21,100
22,100
23,100
24,100
25,100
26,100
27,100
28,100
29,100
30,99
31,99
32,99
33,99
34,99
35,99
36,99
37,99
38,99
39,99
40,99
41,99
42,98
43,98
44,98
45,99
46,98
47,98
48,97
49,95
Enrollment Number,Case Date
P101,2020-01-09
INDEX,SpO2
1,-
2,-
3,98
4,99
5,100
6,100
7,99
8,100
9,99
10,98
11,96
12,96
13,96
14,98
15,97
16,94
17,95
18,95
19,94
20,94
21,95
22,96
23,96
24,96
25,96
26,97
27,98
28,98
29,98
30,97
31,99
32,99
33,98
34,98
35,98
36,99
37,99
38,99
39,98
40,100
41,99
42,99
43,99
44,99
45,99
46,99
47,98
48,97
49,98
50,97
51,97
52,97
53,95
54,95
55,96
56,96
57,96
58,95
59,95
60,96
61,96
62,96
63,97
64,97
65,97
66,97
67,97
68,97
69,97
70,98
71,99
72,99
73,99
74,99
75,99
76,99
77,99
78,99
79,99
80,98
81,98
82,97
83,96
84,96
85,96
86,95
87,97
88,97
89,96
90,96
91,94
92,-
Enrollment Number,Case Date
P102,2020-01-09
INDEX,SpO2
1,-
2,-
3,-
4,99
5,98
6,96
7,97
8,99
9,100
10,100
11,100
12,100
13,100
14,100
15,100
16,100
17,99
18,100
19,98
20,98
21,99
22,98
23,98
24,98
25,98
26,98
27,98
28,97
29,98
30,99
31,99
32,98
33,98
34,98
35,99
36,99
37,98
38,98
39,98
40,100
41,99
42,98
43,98
44,97
45,97
46,98
47,98
48,98
49,99
50,99
51,98
52,99
53,99
54,99
55,98
56,98
57,99
58,99
59,98
60,99
61,99
62,99
63,100
64,99
65,99
66,99
67,99
68,99
69,99
70,99
71,99
72,100
73,99
74,99
75,99
76,99
77,99
78,99
79,99
80,98
81,98
82,100
83,100
84,100
85,100
86,100
87,100
88,100
89,100
90,-
91,-
92,-
Enrollment Number,Case Date
P103,2020-01-15
INDEX,SpO2
1,98
2,89
3,99
4,96
5,93
6,96
7,97
8,97
9,97
10,95
11,96
12,95
13,95
14,95
15,98
16,98
17,99
18,99
19,99
20,99
21,95
22,98
23,99
24,98
25,98
26,98
27,98
28,98
29,97
30,99
31,99
32,99
33,98
34,99
35,99
36,99
37,99
38,98
39,99
40,98
41,97
42,98
43,99
44,99
45,98
46,98
47,98
48,97
49,96
50,96
51,95
52,96
53,99
54,99
55,99
56,99
57,99
58,99
59,99
60,98
61,97
62,97
63,97
64,98
65,98
66,98
67,98
68,98
69,98
70,98
71,99
72,99
73,99
74,99
75,99
76,99
77,99
78,99
79,98
80,99
81,99
82,99
83,99
84,99
85,98
86,99
87,99
88,98
89,97
90,99
91,99
92,98
93,98
94,98
95,98
96,98
97,98
98,98
99,97
100,97
101,98
102,99
103,99
104,99
105,99
106,99
107,99
108,99
109,99
110,99
111,99
112,99
113,99
114,99
115,100
116,100
117,99
118,99
119,99
120,99
121,100
122,99
123,99
124,99
125,99
126,99
127,99
128,99
129,99
130,99
131,99
132,99
133,100
134,100
135,99
136,98
137,99
138,98
139,98
140,99
141,99
142,99
143,99
144,98
145,98
146,98
147,99
148,99
149,99
150,99
151,99
152,99
153,99
154,99
155,99
156,99
157,98
158,98
159,98
160,98
161,98
162,99
163,99
164,99
165,99
166,99
167,99
168,99
169,99
170,98
171,98
172,99
173,99
174,99
175,99
176,99
177,99
178,99
179,99
180,98
181,99
182,99
183,99
184,99
185,98
186,99
187,99
188,99
189,99
190,99
191,99
192,98
193,97
194,95
195,95
196,96
Enrollment Number,Case Date
P104,2020-01-16
INDEX,SpO2
1,-
2,-
3,-
4,-
5,98
6,98
7,99
8,97
9,100
10,100
11,100
12,100
13,100
14,100
15,100
16,100
17,100
18,99
19,99
20,98
21,98
22,98
23,98
24,97
25,97
26,98
27,98
28,98
29,99
30,98
31,98
32,98
33,98
34,98
35,98
36,98
37,98
38,98
39,97
40,99
41,98
42,98
43,98
44,98
45,98
46,98
47,98
48,98
49,98
50,98
51,97
52,97
53,97
54,97
55,98
56,98
57,98
58,97
59,97
60,98
61,98
62,98
63,98
64,98
65,98
66,98
67,98
68,98
69,97
70,97
71,98
72,97
73,97
74,97
75,98
76,98
77,98
78,97
79,97
80,98
81,98
82,97
83,97
84,97
85,97
86,98
87,98
88,98
89,98
90,98
91,98
92,98
93,97
94,98
95,98
96,98
97,99
98,99
99,98
100,98
101,98
102,98
103,98
104,98
105,98
106,98
107,97
108,98
109,97
110,98
111,98
112,97
113,98
114,98
115,98
116,98
117,99
118,97
119,96
120,-
Enrollment Number,Case Date
P105,2020-01-20
INDEX,SpO2
1,97
2,98
3,100
4,100
5,100
6,100
7,100
8,100
9,100
10,100
11,100
12,100
13,99
14,98
15,99
16,99
17,99
18,100
19,100
20,99
21,99
22,99
23,99
24,99
25,99
26,99
27,99
28,98
29,99
30,99
31,99
32,99
33,99
34,98
35,99
36,99
37,100
38,100
39,99
40,99
41,98
42,96
43,96
44,96
45,98
46,98
47,98
48,98
49,98
50,99
51,99
52,98
53,98
54,98
55,98
56,98
57,99
58,99
59,99
60,99
61,99
62,99
63,98
64,99
65,98
66,98
67,98
68,98
69,97
70,99
71,99
72,99
73,99
74,99
75,99
76,99
77,99
78,97
79,95
Enrollment Number,Case Date
P106,2020-01-20
INDEX,SpO2
1,-
2,-
3,-
4,-
5,-
6,-
7,-
8,-
9,-
10,-
11,97
12,97
13,98
14,100
15,100
16,100
17,100
18,100
19,100
20,99
21,96
22,98
23,98
24,99
25,99
26,99
27,99
28,99
29,99
30,99
31,99
32,94
33,98
34,99
35,99
36,99
37,97
38,98
39,99
40,99
41,98
42,99
43,99
44,99
45,99
46,99
47,98
48,97
49,98
50,99
51,98
52,99
53,99
54,98
55,99
56,99
57,98
58,98
59,99
60,98
61,98
62,98
63,98
64,99
65,98
66,98
67,98
68,98
69,98
70,96
71,98
72,99
73,98
74,98
75,98
76,99
77,99
78,99
79,98
80,99
81,98
82,98
83,99
84,98
85,98
86,98
87,96
Enrollment Number,Case Date
P107,2020-01-21
INDEX,SpO2
1,-
2,-
3,-
4,-
5,-
6,-
7,-
8,-
9,74
10,94
11,93
12,96
13,100
14,100
15,100
16,100
17,100
18,100
19,100
20,100
21,100
22,100
23,100
24,100
25,100
26,100
27,100
28,100
29,100
30,100
31,100
32,100
33,99
34,100
35,99
36,99
37,99
38,100
39,100
40,100
41,99
42,99
43,100
44,99
45,99
46,100
47,99
48,99
49,99
50,99
51,99
52,99
53,99
54,99
55,99
56,99
57,99
58,99
59,99
60,99
61,99
62,99
63,99
64,99
65,99
66,99
67,99
68,99
69,99
70,99
71,-
72,100
73,100
74,100
75,100
76,99
77,99
78,100
79,100
80,99
81,99
82,100
83,100
84,99
85,100
86,100
87,99
88,99
89,99
90,99
91,99
92,-
93,-
94,-
95,-
96,-
97,-
98,-
99,-
100,-
Enrollment Number,Case Date
P108,2020-01-27
INDEX,SpO2
1,87
2,95
3,98
4,100
5,100
6,100
7,99
8,98
9,98
10,98
11,98
12,98
13,96
14,99
15,98
16,98
17,98
18,98
19,98
20,99
21,99
22,98
23,98
24,98
25,98
26,98
27,98
28,99
29,98
30,98
31,98
32,98
33,98
34,98
35,98
36,98
37,98
38,99
39,99
40,98
41,98
42,99
43,98
44,98
45,98
46,99
47,98
48,-
49,-
Enrollment Number,Case Date
P109,2020-01-30
INDEX,SpO2
1,-
2,88
3,100
4,100
5,100
6,100
7,100
8,100
9,100
10,99
11,99
12,99
13,99
14,99
15,99
16,99
17,99
18,99
19,99
20,99
21,99
22,99
23,99
24,98
25,99
26,98
27,99
28,99
29,99
30,99
31,98
32,98
33,99
34,99
35,99
36,98
37,98
38,98
39,99
40,99
41,98
42,98
43,-
44,-
45,-
46,-
47,-
48,-
49,-
50,-
51,-
52,-
53,-
54,-
55,-
56,-
57,-
58,-
59,-
60,-
61,-
62,-
63,-
64,-
65,-
66,-
67,-
68,-
69,-
70,-
71,-
72,-
73,-
74,-
75,-
76,-
77,-
78,-
79,-
80,-
81,77
82,94
83,83
84,93
85,91
86,93
Enrollment Number,Case Date
P110,2020-01-30
INDEX,SpO2
1,-
2,-
3,-
4,-
5,-
6,-
7,-
8,-
9,-
10,-
11,-
12,-
13,-
14,-
15,-
16,-
17,-
18,-
19,-
20,-
21,100
22,99
23,99
24,100
25,100
26,100
27,100
28,100
29,100
30,100
31,100
32,99
33,96
34,96
35,96
36,96
37,97
38,98
39,98
40,98
41,99
42,100
43,100
Enrollment Number,Case Date
P111,2020-01-30
INDEX,SpO2
1,87
2,92
3,100
4,100
5,100
6,100
7,100
8,100
9,100
10,100
11,100
12,100
13,100
14,100
15,100
16,98
17,98
18,98
19,99
20,100
21,100
22,99
23,100
24,100
25,100
26,99
27,98
28,98
29,98
30,100
31,100
32,100
33,100
34,100
35,100
36,100
37,100
38,100
39,100
40,99
41,100
42,100
43,100
44,100
45,100
46,100
47,100
48,100
49,100
50,99
51,100
52,100
53,100
54,100
55,100
56,100
57,100
58,100
59,100
60,100
61,100
62,100
63,100
64,100
65,99
66,100
67,100
68,99
69,100
70,100
71,100
Enrollment Number,Case Date
P112,2020-02-06
INDEX,SpO2
1,-
2,-
3,-
4,-
5,-
6,-
7,97
8,95
9,99
10,100
11,100
12,100
13,100
14,100
15,100
16,99
17,99
18,98
19,99
20,98
21,98
22,97
23,98
24,98
25,98
26,98
27,98
28,98
29,98
30,98
31,98
32,98
33,97
34,98
35,98
36,98
37,97
38,97
39,97
40,97
41,98
42,97
43,97
44,97
45,98
46,97
47,97
48,97
49,98
50,97
51,97
52,97
53,97
54,97
55,98
56,98
57,97
58,98
59,98
60,98
61,98
62,98
63,-
Enrollment Number,Case Date
P113,2020-02-06
INDEX,SpO2
1,-
2,-
3,-
4,-
5,-
6,-
7,-
8,-
9,-
10,-
11,-
12,-
13,96
14,97
15,93
16,99
17,100
18,99
19,99
20,99
21,99
22,99
23,98
24,98
25,99
26,99
27,99
28,99
29,98
30,99
31,99
32,99
33,99
34,99
35,99
36,99
37,99
38,99
39,97
40,99
41,98
42,99
43,98
44,98
45,99
46,99
47,99
48,98
49,98
50,99
51,99
52,99
53,99
54,98
55,99
56,98
57,99
58,98
59,97
60,99
61,99
62,99
63,99
64,96
65,-
66,-
Enrollment Number,Case Date
P114,2020-02-10
INDEX,SpO2
1,-
2,-
3,-
4,-
5,-
6,-
7,-
8,-
9,-
10,93
11,96
12,97
13,98
14,100
15,100
16,100
17,100
18,100
19,100
20,100
21,99
22,99
23,99
24,100
25,99
26,99
27,99
28,98
29,98
30,98
31,98
32,99
33,99
34,99
35,99
36,99
37,99
38,99
39,99
40,98
41,99
42,99
43,99
44,99
45,99
46,100
47,100
48,100
49,100
50,99
51,100
52,100
53,100
54,100
55,100
56,100
57,100
58,100
59,100
60,100
61,100
62,100
63,100
64,100
65,100
66,-
Enrollment Number,Case Date
P115,2020-02-10
INDEX,SpO2
1,90
2,98
3,98
4,96
5,96
6,100
7,100
8,100
9,100
10,100
11,100
12,100
13,99
14,100
15,100
16,99
17,100
18,100
19,100
20,99
21,99
22,100
23,100
24,99
25,100
26,99
27,99
28,99
29,100
30,99
31,99
32,99
33,99
34,98
35,99
36,99
37,99
38,100
39,99
40,100
41,-
42,-
43,-
Enrollment Number,Case Date
P116,2020-02-10
INDEX,SpO2
1,-
2,-
3,-
4,-
5,-
6,-
7,-
8,86
9,98
10,98
11,100
12,100
13,100
14,100
15,100
16,100
17,100
18,100
19,100
20,100
21,100
22,100
23,100
24,99
25,99
26,99
27,99
28,98
29,98
30,99
31,99
32,98
33,99
34,99
35,99
36,99
37,99
38,99
39,99
40,99
41,98
42,99
43,99
44,99
45,99
46,98
47,98
48,99
49,99
50,99
51,99
52,99
53,99
54,99
55,99
56,99
57,99
58,99
59,99
60,99
61,99
62,99
63,99
64,99
65,99
66,99
67,98
68,98
69,99
70,99
71,99
72,99
73,98
74,97
Enrollment Number,Case Date
P117,2020-02-11
INDEX,SpO2
1,-
2,-
3,-
4,-
5,-
6,-
7,-
8,-
9,-
10,-
11,-
12,-
13,-
14,-
15,-
16,79
17,95
18,96
19,100
20,100
21,99
22,99
23,99
24,99
25,98
26,98
27,97
28,97
29,97
30,98
31,98
32,98
33,98
34,98
35,98
36,97
37,98
38,98
39,98
40,98
41,98
42,98
43,98
44,98
45,97
46,98
47,98
48,98
49,98
50,98
51,98
52,97
53,98
54,98
55,97
56,98
57,98
58,98
59,98
60,98
61,98
62,98
63,98
64,97
65,97
66,98
67,98
68,97
69,98
70,97
71,97
72,98
73,98
74,98
75,97
76,97
77,98
78,98
79,98
80,97
81,98
82,97
83,98
84,98
85,98
86,98
87,98
88,98
89,98
90,98
91,98
92,98
93,97
94,94
95,-
Enrollment Number,Case Date
P118,2020-02-13
INDEX,SpO2
1,82
2,100
3,100
4,100
5,100
6,98
7,100
8,100
9,100
10,100
11,100
12,100
13,100
14,100
15,100
16,99
17,99
18,99
19,99
20,99
21,99
22,99
23,99
24,99
25,99
26,99
27,99
28,99
29,99
30,99
31,99
32,99
33,99
34,100
35,100
36,100
37,100
38,100
39,100
40,100
41,100
42,100
43,100
44,100
45,100
46,100
47,100
48,100
49,100
50,100
51,100
52,100
53,100
54,100
55,100
56,100
57,100
58,-
59,-
Enrollment Number,Case Date
P119,2020-02-13
INDEX,SpO2
1,98
2,98
3,97
4,99
5,100
6,100
7,99
8,99
9,99
10,99
11,99
12,98
13,98
14,97
15,97
16,98
17,98
18,97
19,98
20,98
21,98
22,97
23,98
24,97
25,95
26,96
27,97
28,96
29,97
30,97
31,97
32,97
33,98
34,98
35,97
36,96
37,96
38,97
39,95
40,95
41,96
42,96
43,97
44,97
45,97
46,97
47,97
48,96
49,96
50,97
51,97
52,97
53,97
54,97
55,98
56,98
57,98
58,98
59,97
60,97
61,98
62,97
63,98
64,98
65,96
66,98
67,98
68,98
69,98
70,98
71,98
72,98
73,98
74,99
75,98
76,99
Enrollment Number,Case Date
P120,2020-02-20
INDEX,SpO2
1,98
2,100
3,99
4,99
5,99
6,100
7,100
8,100
9,100
10,100
11,100
12,100
13,100
14,100
15,100
16,100
17,100
18,100
19,100
20,100
21,100
22,100
23,100
24,100
25,100
26,100
27,100
28,100
29,100
30,100
31,100
32,100
33,100
34,100
35,100
36,100
37,100
38,100
39,100
40,100
41,100
42,100
43,100
44,99
45,99
46,100
47,100
48,100
49,100
50,100
51,100
52,100
53,100
54,100
55,100
56,100
57,100
58,100
59,100
60,100
61,100
62,99
63,100
64,99
65,100
66,100
67,100
68,99
Enrollment Number,Case Date
P121,2020-02-27
INDEX,SpO2
1,-
2,-
3,-
4,-
5,-
6,-
7,-
8,-
9,-
10,-
11,-
12,-
13,-
14,-
15,100
16,100
17,100
18,100
19,100
20,100
21,100
22,100
23,99
24,99
25,99
26,99
27,99
28,99
29,100
30,100
31,99
32,99
33,99
34,99
35,99
36,99
37,99
38,99
39,99
40,99
41,99
42,99
43,99
44,99
45,-
Enrollment Number,Case Date
P122,2020-02-27
INDEX,SpO2
1,-
2,-
3,-
4,-
5,-
6,-
7,-
8,-
9,-
10,-
11,-
12,-
13,-
14,-
15,100
16,100
17,99
18,99
19,98
20,100
21,100
22,99
23,99
24,99
25,99
26,99
27,99
28,99
29,99
30,99
31,99
32,99
33,99
34,99
35,99
36,99
37,99
38,99
39,99
40,99
41,98
42,98
43,98
44,99
45,98
46,98
47,98
48,99
49,98
50,99
51,98
52,100
53,99
54,99
55,99
56,99
57,99
58,98
59,99
60,99
61,100
62,99
63,100
64,99
65,99
66,99
67,99
68,98
69,98
70,98
71,98
72,98
73,98
74,98
75,98
76,98
77,98
78,98
79,99
80,99
81,99
82,99
83,99
84,98
85,98
86,99
87,98
88,99
89,99
90,99
91,99
92,98
93,98
94,99
95,99
96,99
97,99
98,99
99,99
100,99
101,99
102,99
103,99
104,99
105,99
106,99
107,99
108,99
109,99
110,99
111,99
112,99
113,100
114,99
115,99
116,98
117,98
118,98
119,98
120,98
121,98
122,98
123,98
124,98
125,98
126,98
127,98
128,98
129,99
130,97
131,97
132,96
133,97
134,-
135,-
Enrollment Number,Case Date
P123,2020-03-05
INDEX,SpO2
1,-
2,-
3,-
4,92
5,95
6,97
7,100
8,100
9,99
10,99
11,100
12,100
13,100
14,100
15,99
16,100
17,100
18,100
19,100
20,100
21,100
22,100
23,99
24,99
25,100
26,100
27,100
28,99
29,99
30,99
31,99
32,99
33,99
34,99
35,99
36,98
37,99
38,98
39,98
40,98
41,98
42,98
43,98
44,98
45,98
46,97
47,98
48,98
49,98
50,98
51,98
52,98
53,97
54,97
55,98
56,97
57,89
58,-
Enrollment Number,Case Date
P124,2020-03-09
INDEX,SpO2
1,-
2,-
3,-
4,-
5,96
6,96
7,98
8,98
9,100
10,100
11,100
12,100
13,100
14,100
15,100
16,99
17,99
18,99
19,98
20,99
21,99
22,99
23,99
24,100
25,99
26,99
27,99
28,98
29,99
30,99
31,99
32,98
33,98
34,98
35,98
36,98
37,98
38,99
39,99
40,99
41,99
42,99
43,99
44,99
45,99
46,99
47,99
48,99
49,99
50,99
51,98
52,98
53,98
54,99
55,99
56,99
57,99
58,99
59,99
Enrollment Number,Case Date
P125,2020-03-09
INDEX,SpO2
1,-
2,89
3,97
4,100
5,99
6,99
7,100
8,100
9,99
10,99
11,99
12,100
13,100
14,99
15,100
16,100
17,100
18,100
19,99
20,100
21,100
22,100
23,100
24,100
25,100
26,100
27,100
28,100
29,100
30,100
31,99
32,100
33,100
34,99
35,100
36,99
37,100
38,100
39,99
40,99
41,100
42,100
43,99
44,99
45,99
46,99
47,99
48,99
49,100
50,99
51,99
52,99
53,99
54,99
55,99
56,99
57,99
58,99
59,99
60,99
61,99
62,99
63,99
64,99
65,99
66,99
67,99
68,99
69,99
70,99
71,99
72,99
73,99
74,99
75,99
76,99
77,99
78,99
79,99
80,99
81,99
82,99
83,99
84,99
85,98
86,98
87,99
88,99
89,99
90,98
91,98
92,98
93,99
94,98
95,98
96,98
97,99
98,98
99,97
100,-
101,-
Enrollment Number,Case Date
P126,2020-03-10
INDEX,SpO2
1,-
2,-
3,-
4,100
5,100
6,100
7,100
8,100
9,100
10,100
11,100
12,100
13,100
14,100
15,100
16,100
17,100
18,100
19,100
20,100
21,100
22,100
23,100
24,100
25,100
26,100
27,100
28,100
29,100
30,100
31,100
32,100
33,100
34,100
35,100
36,100
37,100
38,100
39,100
40,100
41,100
42,100
43,100
44,100
45,100
46,100
47,100
48,100
49,100
50,100
51,100
52,100
53,100
54,100
55,100
56,100
57,100
58,100
59,100
60,100
61,100
62,100
63,100
64,100
65,100
66,100
67,100
68,100
69,100
70,100
71,100
72,100
73,100
74,100
75,100
76,100
77,100
78,100
79,100
80,100
81,100
82,100
83,100
84,100
85,100
86,100
87,100
Enrollment Number,Case Date
P127,2020-03-10
INDEX,SpO2
1,-
2,-
3,-
4,-
5,-
6,-
7,-
8,-
9,-
10,-
11,-
12,-
13,-
14,-
15,-
16,-
17,-
18,-
19,-
20,-
21,-
22,-
23,-
24,-
25,-
26,-
27,-
28,-
29,-
30,-
31,-
32,-
33,-
34,-
35,-
36,-
37,-
38,-
39,-
40,-
41,-
42,-
43,-
44,-
45,-
46,-
47,-
48,-
49,-
50,-
51,-
52,-
53,-
54,-
55,-
56,-
57,-
58,-
59,-
60,-
61,-
62,-
63,-
64,-
65,-
66,-
67,-
68,-
69,-
70,-
71,-
72,-
73,-
74,-
75,-
76,79
77,97
78,98
79,98
80,97
81,92
82,99
83,100
84,100
85,100
86,100
87,100
88,100
89,100
90,100
91,100
92,100
93,100
94,100
95,100
96,100
97,100
98,100
99,100
100,100
101,100
102,100
103,100
104,100
105,100
106,100
107,100
108,100
109,100
110,100
111,100
112,100
113,100
114,100
115,100
116,100
117,100
118,100
119,100
120,100
121,100
122,100
123,100
124,100
125,100
126,100
127,100
128,100
129,100
130,100
131,100
132,100
133,100
134,100
135,100
136,100
137,100
138,100
139,100
140,100
141,100
142,100
143,100
144,100
145,100
146,100
147,100
148,100
149,100
Enrollment Number,Case Date
P128,2020-03-12
INDEX,SpO2
1,-
2,-
3,-
4,-
5,-
6,-
7,-
8,-
9,-
10,-
11,73
12,99
13,98
14,86
15,100
16,100
17,100
18,100
19,100
20,100
21,100
22,100
23,100
24,100
25,100
26,100
27,100
28,100
29,100
30,100
31,100
32,100
33,100
34,100
35,100
36,100
37,100
38,100
39,100
40,100
41,100
42,100
43,100
44,100
45,100
46,100
47,100
48,100
49,100
50,100
51,100
52,100
53,100
54,100
55,100
56,100
57,100
58,100
Enrollment Number,Case Date
P129,2020-03-12
INDEX,SpO2
1,-
2,-
3,-
4,-
5,-
6,-
7,-
8,-
9,-
10,99
11,99
12,100
13,99
14,99
15,100
16,100
17,100
18,99
19,100
20,100
21,100
22,100
23,100
24,100
25,100
26,100
27,100
28,100
29,100
30,100
31,100
32,100
33,100
34,100
35,100
36,100
37,100
38,100
39,100
40,100
41,100
42,100
43,100
44,100
45,100
46,100
47,100
48,100
49,100
50,100
51,100
52,100
53,100
54,100
55,100
56,100
57,100
58,100
59,99
60,99
61,99
Enrollment Number,Case Date
P130,2020-03-12
INDEX,SpO2
1,96
2,96
3,96
4,95
5,97
6,99
7,98
8,100
9,99
10,100
11,99
12,100
13,100
14,100
15,100
16,100
17,100
18,100
19,100
20,100
21,100
22,100
23,100
24,100
25,100
26,100
27,100
28,100
29,100
30,100
31,100
32,100
33,100
34,100
35,100
36,100
37,100
38,100
39,100
40,100
41,99
42,100
43,99
44,99
45,99
46,99
47,99
48,99
49,99
50,100
51,99
52,99
53,99
54,99
55,100
56,99
57,99
58,99
59,99
60,99
61,99
62,99
63,98
64,99
65,99
66,99
67,99
68,99
69,99
70,99
71,99
72,100
73,99
74,100
75,99
76,99
77,99
78,99
79,99
80,99
81,99
82,98
83,98
84,98
85,97
86,97
87,98
88,98
89,98
90,97
91,97
92,98
93,97
94,97
95,97
96,97
97,98
98,96
99,96
Enrollment Number,Case Date
P58,2019-10-10
INDEX,SpO2
1,-
2,-
3,-
4,98
5,96
6,100
7,100
8,100
9,100
10,100
11,100
12,100
13,100
14,100
15,100
16,100
17,100
18,100
19,100
20,100
21,100
22,100
23,99
24,99
25,98
26,97
27,97
28,96
29,96
30,96
31,95
32,95
33,96
34,95
35,94
36,98
37,99
38,100
39,99
40,98
41,99
42,99
43,98
44,99
45,99
46,99
47,99
48,99
49,99
50,99
51,99
52,99
53,99
54,99
55,99
56,99
57,99
58,99
59,99
60,99
61,99
62,99
63,99
64,99
65,99
66,99
67,100
68,99
69,100
70,100
71,100
72,100